date,county,total_customers,county_code,ivt_max,ar_intensity,gage_height_mean,streamflow_mean,wind_speed_max,wind_gust_max,precip_total,runoff_total,temp_anomaly,soil_moisture_mean,IVT_max,IVT_duration,AR_category,Precip_24h,Precip_72h,Wind_gust_max,Soil_moisture_pct,API_7d,API_14d,Snowpack_SWE,Temp_anomaly,Streamflow_pct,Streamflow_p95_exceed,Runoff_ratio,Flood_stage_exceed,AR_count_7d,AR_count_14d,Wet_days_10,Dry_gap,Population_exposed,Infrastructure_density,County_area,Agricultural_share
2022-12-31,Amador,2693.0,6005,781.3859252929688,AR3,,,16.213619232177734,36.04180908203125,17.823219299316406,4.023075103759766,5.834319083921371,0.4760109260678291,781.3859252929688,12,AR3,17.823219299316406,24.079322814941406,36.04180908203125,0.4760109260678291,29.76851463317871,32.117652893066406,20,5.834319083921371,,0.0,0.2257210123602119,0,4.0,4.0,4.0,0,30000,2.0,3000,0.35
2022-12-31,El Dorado,1321.3333333333333,6017,612.015625,AR2,6.725535880708295,501.51234798877454,16.793094635009766,46.7877082824707,24.123668670654297,5.789279937744141,5.107599073840726,0.5147300958633423,612.015625,12,AR2,24.123668670654297,31.21185302734375,46.7877082824707,0.5147300958633423,38.03853988647461,40.787506103515625,80,5.107599073840726,96.875,0.9406054102251006,0.2399833962562511,1,4.0,4.0,4.0,0,30000,2.0,3000,0.35
2022-12-31,Napa,1205.0,6055,1174.1337890625,AR4,12.44482638888889,1326.107638888889,12.255922317504885,37.610328674316406,3.623008728027344,0.1690387725830078,5.680211221018146,0.4104172065854072,1174.1337890625,12,AR4,3.623008728027344,5.913257598876953,37.610328674316406,0.4104172065854072,8.080816268920898,9.07723903656006,80,5.680211221018146,96.875,0.4590825229008792,0.0466570150039484,1,4.0,4.0,3.0,0,30000,2.0,3000,0.35
2022-12-31,Sacramento,207.25,6067,1035.1898193359375,AR4,15.933701923076924,11063.678185763889,15.634851455688477,28.197019577026367,14.045238494873049,3.1616687774658203,6.739041236139112,0.4372497871518135,1035.1898193359375,12,AR4,14.045238494873049,18.409252166748047,28.197019577026367,0.4372497871518135,23.03910255432129,24.982714653015137,80,6.739041236139112,96.875,0.350061988085162,0.2251060940417585,1,3.0,3.0,3.0,0,30000,2.0,3000,0.35
2022-12-31,San Luis Obispo,512.6666666666666,6079,752.3321533203125,AR3,7.198948979591837,72.2128938547486,13.70613956451416,33.78384780883789,0.7309913635253906,0.0140666961669921,4.65365502142137,0.4043709114193916,752.3321533203125,12,AR3,0.7309913635253906,0.8845329284667968,33.78384780883789,0.4043709114193916,2.5981903076171875,3.0555248260498047,20,4.65365502142137,84.375,-0.8899518479991004,0.0192433137638615,0,5.0,5.0,2.0,3,240000,5.0,8000,0.15
2022-12-31,Solano,365.625,6095,1161.047119140625,AR4,6.371380208333334,6330.583593750001,14.604691505432127,36.41100311279297,6.218433380126953,1.239776611328125,6.004351215977822,0.4081589058041572,1161.047119140625,12,AR4,6.218433380126953,8.03518295288086,36.41100311279297,0.4081589058041572,9.20262336730957,9.822225570678713,80,6.004351215977822,81.25,-0.1300947743719918,0.1993712138639675,0,4.0,4.0,2.0,0,30000,2.0,3000,0.35
2022-12-31,Sonoma,585.6666666666666,6097,1170.143310546875,AR4,32.67286172344689,2376.803126415949,11.539743423461914,33.385372161865234,5.892753601074219,0.7412433624267578,5.443804340977823,0.4334274604916572,1170.143310546875,12,AR4,5.892753601074219,9.132862091064451,33.385372161865234,0.4334274604916572,11.31439208984375,12.531638145446776,80,5.443804340977823,96.875,0.3490647963387321,0.1257889626153099,1,5.0,6.0,4.0,0,30000,2.0,3000,0.35
2023-01-07,Monterey,1660.985294117647,6053,247.54293823242188,,6.9621571772253406,937.7374578989576,8.322115898132324,30.03876495361328,0.2202987670898437,0.0268220901489257,1.19744873046875,0.3887421488761902,247.54293823242188,0,,0.2202987670898437,7.6503753662109375,30.03876495361328,0.3887421488761902,8.840274810791016,10.931825637817385,20,1.19744873046875,37.5,-0.7876235243083031,0.1217532467532464,0,4.0,4.0,3.0,2,100000,2.0,5000,0.45
2023-01-07,San Joaquin,948.5,6077,308.6262512207031,AR1,11.26728852838934,2088.9440324449592,14.303363800048828,16.37843894958496,0.0638961791992187,0.0009536743164062,2.105462843371976,0.3938652873039245,308.6262512207031,12,AR1,0.0638961791992187,4.154682159423828,16.37843894958496,0.3938652873039245,8.307504653930664,11.77194118499756,80,2.105462843371976,25.0,-0.6368020324772947,0.0149253731343275,0,6.0,6.0,3.0,2,100000,2.0,5000,0.45
2023-01-07,Tehama,392.5833333333333,6103,625.7462768554688,AR2,4.177526041666667,4032.8671875,13.290287017822266,31.43033599853516,2.525806427001953,0.1010894775390625,1.35628189579133,0.4244019389152527,625.7462768554688,12,AR2,2.525806427001953,9.150981903076172,31.43033599853516,0.4244019389152527,9.946727752685549,11.09023094177246,20,1.35628189579133,62.5,-0.6504627880126072,0.0400226543326411,0,5.0,5.0,3.0,0,8000,0.5,4000,0.15
2023-01-08,Alameda,721.1545454545454,6001,829.3353271484375,AR3,5.026656346749226,293.49556807209524,15.668155670166016,46.818355560302734,3.1871795654296875,0.2827644348144531,2.928539645287298,0.4185147061944008,829.3353271484375,12,AR3,3.1871795654296875,3.536701202392578,46.818355560302734,0.4185147061944008,6.762933731079102,10.79237461090088,80,2.928539645287298,37.5,-0.7330200893342598,0.088719329742669,0,6.0,7.0,3.0,0,100000,2.0,5000,0.45
2023-01-08,Amador,7078.4706293706295,6005,627.716064453125,AR2,,,21.05194091796875,49.82861328125,4.414081573486328,0.1367330551147461,2.376466812626008,0.4613957181572914,627.716064453125,12,AR2,4.414081573486328,7.624626159667969,49.82861328125,0.4613957181572914,12.638092041015623,19.351673126220703,20,2.376466812626008,,0.0,0.0309765582802203,0,4.0,5.0,5.0,0,30000,2.0,3000,0.35
2023-01-08,Butte,3888.1843434343436,6007,512.5908203125,AR2,3.103541666666666,1335.8125,15.407517433166504,55.43422317504883,6.5765380859375,0.5350112915039062,1.409008395287298,0.4568638578057289,512.5908203125,12,AR2,6.5765380859375,10.338783264160156,55.43422317504883,0.4568638578057289,19.190359115600582,22.6118803024292,200,1.409008395287298,65.625,-0.5101147374714207,0.0813515081206496,0,4.0,4.0,7.0,0,30000,2.0,3000,0.35
2023-01-08,Calaveras,4727.796590909091,6009,518.8243408203125,AR2,3.0960416666666664,57.4375,18.6858024597168,54.71549987792969,4.710197448730469,0.1220703125,2.291537377142137,0.4172062650322914,518.8243408203125,12,AR2,4.710197448730469,8.867740631103516,54.71549987792969,0.4172062650322914,13.61093521118164,20.157361030578613,20,2.291537377142137,68.75,-0.5587890378717607,0.0259161773638388,0,3.0,4.0,5.0,0,30000,2.0,3000,0.35
2023-01-08,Contra Costa,8121.0666666666675,6013,812.67626953125,AR3,7.657767857142858,1433.2068923611112,15.68641757965088,39.19194030761719,5.059242248535156,0.8467435836791992,2.790308798513104,0.4224438443779945,812.67626953125,12,AR3,5.059242248535156,5.496025085449219,39.19194030761719,0.4224438443779945,9.752130508422852,13.167405128479004,80,2.790308798513104,78.125,-0.5158717009731794,0.1673656927426955,0,5.0,6.0,4.0,0,100000,2.0,5000,0.45
2023-01-08,Del Norte,1653.0,6015,605.9070434570312,AR2,16.988784722222224,30697.23958333333,17.461774826049805,47.02362823486328,5.091190338134766,0.5146265029907227,1.030795189642137,0.2705502286553383,605.9070434570312,12,AR2,5.091190338134766,9.847164154052734,47.02362823486328,0.2705502286553383,13.962554931640623,15.49687385559082,20,1.030795189642137,68.75,-0.4294643535617882,0.1010817645406012,0,6.0,6.0,5.0,0,8000,0.5,4000,0.15
2023-01-08,El Dorado,15055.651048951047,6017,370.6618957519531,AR1,4.41516941789748,63.582189400521294,16.347999572753906,53.603553771972656,4.707813262939453,0.1004934310913086,2.147825179561492,0.4936756938695907,370.6618957519531,12,AR1,4.707813262939453,8.974075317382812,53.603553771972656,0.4936756938695907,13.94052505493164,21.07994556427002,80,2.147825179561492,43.75,-0.717313432385525,0.0213460954117289,0,3.0,4.0,5.0,0,30000,2.0,3000,0.35
2023-01-08,Fresno,2396.764816602317,6019,338.2095031738281,AR1,4.83203125,1746.6870052083334,9.028420448303224,21.7939453125,1.7175674438476562,0.0452995300292968,3.770352271295362,0.3917546048760414,338.2095031738281,12,AR1,1.7175674438476562,3.280162811279297,21.7939453125,0.3917546048760414,6.073093414306641,11.641812324523926,20,3.770352271295362,78.125,-0.1191688856154818,0.0263742365352581,0,3.0,4.0,4.0,0,100000,2.0,5000,0.45
2023-01-08,Humboldt,2857.1181818181817,6023,516.4666748046875,AR2,15.41893680297398,18798.635708566853,11.017446517944336,57.25615310668945,6.122589111328125,2.001285552978516,0.664190476940524,0.451878048479557,516.4666748046875,12,AR2,6.122589111328125,10.921478271484377,57.25615310668945,0.451878048479557,17.133569717407227,19.2976713180542,20,0.664190476940524,90.625,-0.0357131605857438,0.3268691588785046,0,5.0,5.0,6.0,0,8000,0.5,4000,0.15
2023-01-08,Kern,1129.72,6029,127.2469253540039,,3.4309375,40.84375,7.507580280303955,21.817975997924805,0.0963211059570312,0.0090599060058593,2.230328959803428,0.3600086942315101,127.2469253540039,0,,0.0963211059570312,2.24161148071289,21.817975997924805,0.3600086942315101,2.459144592285156,5.836606025695801,20,2.230328959803428,3.125,-0.9126609078122436,0.0940594059405933,0,3.0,4.0,2.0,2,240000,5.0,8000,0.15
2023-01-08,Lake,430.69827586206895,6033,590.0593872070312,AR2,9.643069498069496,930.1779583333332,11.437345504760742,47.9826545715332,8.158206939697266,2.480149269104004,0.4540877803679439,0.4324230924248695,590.0593872070312,12,AR2,8.158206939697266,12.38727569580078,47.9826545715332,0.4324230924248695,20.52311897277832,23.53954315185547,20,0.4540877803679439,78.125,-0.2163257867192128,0.3040066631597405,0,5.0,6.0,5.0,0,30000,2.0,3000,0.35
2023-01-08,Los Angeles,931.26582278481,6037,138.23760986328125,,3.1015625,26.92908163265306,3.549182415008545,5.615017890930176,0.1230239868164062,0.0014305114746093,0.5507517168598799,0.3540501371026039,138.23760986328125,0,,0.1230239868164062,0.3108978271484374,5.615017890930176,0.3540501371026039,4.456901550292969,9.682488441467283,20,0.5507517168598799,3.125,-0.965734924135149,0.0116279069767435,0,4.0,5.0,2.0,3,240000,5.0,8000,0.15
2023-01-08,Madera,2113.114478114478,6039,316.26171875,AR1,3.434895833333333,56.971875,9.545454978942873,31.543682098388672,2.192974090576172,0.1413822174072265,3.915545063634073,0.4143528714776039,316.26171875,12,AR1,2.192974090576172,5.5084228515625,31.543682098388672,0.4143528714776039,9.644937515258787,19.62976455688477,20,3.915545063634073,65.625,-0.2740790182723082,0.0644705370732767,0,3.0,4.0,5.0,0,100000,2.0,5000,0.45
2023-01-08,Marin,2874.4897959183672,6041,1068.93505859375,AR4,15.6634375,594.057738095238,28.223249435424805,48.29840087890625,6.503582000732422,0.1902580261230468,1.44866943359375,0.201549980789423,1068.93505859375,12,AR4,6.503582000732422,7.876396179199219,48.29840087890625,0.201549980789423,17.259836196899414,21.468734741210938,20,1.44866943359375,81.25,-0.4301453210624938,0.029254344160129,0,6.0,7.0,6.0,0,30000,2.0,3000,0.35
2023-01-08,Mariposa,906.4166666666666,6043,374.8868103027344,AR1,3.082395833333333,403.5572916666667,12.600107192993164,38.96466827392578,2.98452377319336,0.263214111328125,3.471587150327621,0.4097180142998695,374.8868103027344,12,AR1,2.98452377319336,6.649494171142578,38.96466827392578,0.4097180142998695,11.618423461914062,20.98987102508545,20,3.471587150327621,46.875,-0.6177744759401603,0.0881930020770091,0,3.0,4.0,5.0,0,100000,2.0,5000,0.45
2023-01-08,Mendocino,5003.436363636363,6045,744.5647583007812,AR2,13.122476107732409,6570.260688216893,15.565550804138184,54.88597106933594,9.526729583740234,2.535939216613769,0.277786747101814,0.4364475980401039,744.5647583007812,12,AR2,9.526729583740234,13.710975646972656,54.88597106933594,0.4364475980401039,21.056079864501957,23.31509590148925,20,0.277786747101814,100.0,0.0745282872101611,0.2661920016016817,0,5.0,6.0,4.0,0,30000,2.0,3000,0.35
2023-01-08,Merced,1393.4103896103898,6047,666.7146606445312,AR2,49.26506944444444,1364.4479166666667,15.873148918151855,34.59560775756836,3.195762634277344,0.0290870666503906,3.021801364037298,0.4085888639092445,666.7146606445312,12,AR2,3.195762634277344,3.5333633422851567,34.59560775756836,0.4085888639092445,8.301830291748047,11.356210708618164,20,3.021801364037298,37.5,-0.6986367834015433,0.0091017606684571,0,5.0,6.0,4.0,0,100000,2.0,5000,0.45
2023-01-08,Modoc,342.0,6049,359.4034423828125,AR1,2.798617021276596,205.44521276595745,15.096302032470703,36.18378829956055,1.590251922607422,0.0065565109252929,4.573874196698589,0.3041996732354164,359.4034423828125,12,AR1,1.590251922607422,2.30550765991211,36.18378829956055,0.3041996732354164,4.030656814575195,4.599189758300781,20,4.573874196698589,59.375,-0.5781384820707941,0.0041229385307345,0,4.0,4.0,2.0,0,8000,0.5,4000,0.15
2023-01-08,Monterey,3975.272727272728,6053,723.8900146484375,AR2,7.204683239775461,1237.0572085385877,13.769729614257812,48.81715774536133,2.4476051330566406,0.5762577056884766,1.97015380859375,0.411716915667057,723.8900146484375,12,AR2,2.4476051330566406,3.6563873291015625,48.81715774536133,0.411716915667057,8.931398391723633,12.728261947631836,20,1.97015380859375,43.75,-0.7198343225330107,0.2354373660627313,0,4.0,5.0,4.0,0,100000,2.0,5000,0.45
2023-01-08,Napa,6205.104545454546,6055,776.8001098632812,AR3,12.492569444444444,1414.5208333333333,12.805773735046388,47.4780158996582,5.963325500488281,0.4998445510864258,1.526195895287298,0.4298558011651039,776.8001098632812,12,AR3,5.963325500488281,7.34710693359375,47.4780158996582,0.4298558011651039,12.44058609008789,15.727424621582031,80,1.526195895287298,71.875,-0.4970291120535681,0.0838197665120742,0,5.0,6.0,6.0,0,30000,2.0,3000,0.35
2023-01-08,Nevada,825.3944099378882,6057,357.4527587890625,AR1,3.2796041666666667,251.64919791666668,13.532546043395996,53.14042282104492,5.747318267822266,0.0913143157958984,2.094523768271169,0.4974522441625595,357.4527587890625,12,AR1,5.747318267822266,11.330127716064451,53.14042282104492,0.4974522441625595,17.101526260375977,23.59590530395508,20,2.094523768271169,56.25,-0.4872701952388948,0.015888160623911,0,3.0,3.0,5.0,0,30000,2.0,3000,0.35
2023-01-08,Orange,463.0,6059,114.29850769042967,,6.4160312500000005,3.8345486111111113,3.706342220306397,10.18014907836914,0.0429153442382812,0.0004768371582031,0.6642219789566539,0.364750362932682,114.29850769042967,0,,0.0429153442382812,2.3517608642578125,10.18014907836914,0.364750362932682,6.484365463256836,9.778904914855955,20,0.6642219789566539,15.625,-0.99094253679393,0.0111111111111105,0,4.0,5.0,4.0,2,240000,5.0,8000,0.15
2023-01-08,Placer,6567.544696969697,6061,478.6447448730469,AR1,5.023307823129252,531.5323958333333,15.599502563476562,55.01478576660156,4.734516143798828,0.1021623611450195,2.086427750126008,0.4626316800713539,478.6447448730469,12,AR1,4.734516143798828,9.45425033569336,55.01478576660156,0.4626316800713539,14.366340637207031,21.503448486328125,20,2.086427750126008,43.75,-0.624572786263311,0.021578205257327,0,4.0,4.0,5.0,0,30000,2.0,3000,0.35
2023-01-08,Sacramento,289849.3333333333,6067,758.553466796875,AR3,18.640962904498817,23146.20409052092,24.66349601745605,47.834102630615234,3.35693359375,0.104069709777832,3.04684546685988,0.4220890775322914,758.553466796875,12,AR3,3.35693359375,4.185676574707031,47.834102630615234,0.4220890775322914,8.778524398803711,14.145493507385254,80,3.04684546685988,100.0,0.032283978070098,0.0310014204545454,0,5.0,6.0,4.0,0,30000,2.0,3000,0.35
2023-01-08,San Bernardino,206.0,6071,92.82991027832033,,19.462824161922832,29.725378955114056,3.8470308780670166,8.715078353881836,0.0,0.0,0.873426868069556,0.0161556927487254,92.82991027832033,0,,0.0,0.1144409179687499,8.715078353881836,0.0161556927487254,0.1884937286376951,0.8072614669799801,20,0.873426868069556,37.5,-0.8817013427805636,0.0,0,1.0,2.0,0.0,999,240000,5.0,8000,0.15
2023-01-08,San Diego,4911.857142857143,6073,85.19574737548828,,3.1264809782608696,11.159315476190477,3.0182225704193115,7.891339778900147,0.0,0.0,1.782244282384072,0.3321995511651039,85.19574737548828,0,,0.0,0.8149147033691406,7.891339778900147,0.3321995511651039,3.316736221313477,8.25052261352539,20,1.782244282384072,9.375,-0.970727037362578,0.0,0,3.0,4.0,4.0,3,240000,5.0,8000,0.15
2023-01-08,San Francisco,1532.2573529411766,6075,1057.4417724609375,AR4,,,27.07172203063965,45.957557678222656,4.712104797363281,0.275731086730957,1.696590300529234,0.210888359695673,1057.4417724609375,12,AR4,4.712104797363281,5.483150482177734,45.957557678222656,0.210888359695673,11.84077262878418,15.757298469543455,80,1.696590300529234,,0.0,0.0585154826958105,0,6.0,7.0,5.0,0,100000,2.0,5000,0.45
2023-01-08,San Joaquin,51313.30374331551,6077,798.0139770507812,AR3,11.587395833333334,2104.689930555556,22.743635177612305,42.8358039855957,3.2477378845214844,0.1447200775146484,3.054925733996976,0.4174008145928383,798.0139770507812,12,AR3,3.2477378845214844,3.797054290771485,42.8358039855957,0.4174008145928383,7.355690002441406,14.25786018371582,80,3.054925733996976,28.125,-0.6340643439122762,0.0445602701512259,0,6.0,7.0,4.0,0,100000,2.0,5000,0.45
2023-01-08,San Mateo,4427.190909090909,6081,960.831787109375,AR3,4.454016203703704,160.76018518518518,19.33341217041016,48.52996444702149,3.125190734863281,0.4719495773315429,1.94183349609375,0.4270481839776039,960.831787109375,12,AR3,3.125190734863281,4.6443939208984375,48.52996444702149,0.4270481839776039,8.08115005493164,12.397098541259766,80,1.94183349609375,59.375,-0.5963717594129309,0.1510146475434848,0,6.0,7.0,4.0,0,100000,2.0,5000,0.45
2023-01-08,Santa Barbara,761.75,6083,380.510009765625,AR1,4.339710455764075,49.96071800810655,13.41709327697754,24.53558158874512,3.5552978515625,0.0450611114501953,0.7544122511340721,0.105854483321309,380.510009765625,12,AR1,3.5552978515625,4.0760040283203125,24.53558158874512,0.105854483321309,11.04135513305664,13.432860374450684,20,0.7544122511340721,34.375,-0.9411897730656136,0.0126743562231759,0,5.0,6.0,3.0,0,240000,5.0,8000,0.15
2023-01-08,Santa Clara,679.8090909090909,6085,871.103271484375,AR3,5.434015151515151,505.1472916666667,16.192468643188477,49.710723876953125,3.3416748046875,0.7342100143432617,1.93350121282762,0.4965405240654945,871.103271484375,12,AR3,3.3416748046875,4.523277282714844,49.710723876953125,0.4965405240654945,9.09733772277832,15.714716911315918,80,1.93350121282762,62.5,-0.6663746429352796,0.2197131849315068,0,6.0,7.0,3.0,0,100000,2.0,5000,0.45
2023-01-08,Santa Cruz,3109.409090909091,6087,925.9307250976562,AR3,10.18188361408882,1240.3583460949465,25.84365463256836,37.46730041503906,2.186298370361328,0.1211166381835937,1.39639183782762,0.0792584139853715,925.9307250976562,12,AR3,2.186298370361328,3.60250473022461,37.46730041503906,0.0792584139853715,8.731508255004883,14.04898166656494,80,1.39639183782762,53.125,-0.633178068684302,0.0553980370774263,0,6.0,7.0,6.0,0,100000,2.0,5000,0.45
2023-01-08,Shasta,687.0787037037037,6089,595.4443359375,AR2,7.593984375000001,4784.071614583333,19.525405883789062,41.99467086791992,3.609180450439453,0.2018213272094726,2.103801112021169,0.440159298479557,595.4443359375,12,AR2,3.609180450439453,6.995677947998047,41.99467086791992,0.440159298479557,12.690305709838867,14.511990547180176,20,2.103801112021169,84.375,-0.1885462608684929,0.0559188796406394,0,5.0,5.0,4.0,0,8000,0.5,4000,0.15
2023-01-08,Siskiyou,563.05,6093,366.8012390136719,AR1,8.569075520833334,1847.437074829932,11.439019203186035,38.57589340209961,3.490447998046875,0.3713369369506836,1.905180900327621,0.4496388211846351,366.8012390136719,12,AR1,3.490447998046875,5.966663360595703,38.57589340209961,0.4496388211846351,8.776664733886719,9.726810455322266,20,1.905180900327621,75.0,-0.2735088608284456,0.1063866120218579,0,4.0,4.0,3.0,0,8000,0.5,4000,0.15
2023-01-08,Solano,5307.924242424242,6095,798.5325317382812,AR3,7.391253263707571,29883.810452961672,15.261862754821776,40.59443664550781,4.482746124267578,0.4628896713256836,2.365283596900202,0.4241833463311195,798.5325317382812,12,AR3,4.482746124267578,5.329132080078125,40.59443664550781,0.4241833463311195,10.741043090820312,14.462924003601074,80,2.365283596900202,68.75,-0.4159676409944609,0.1032602914583555,0,5.0,6.0,4.0,0,30000,2.0,3000,0.35
2023-01-08,Sonoma,4536.572727272727,6097,848.0182495117188,AR3,34.92834001603849,4677.962874821514,13.471320152282717,46.6129264831543,6.865501403808594,1.161336898803711,1.579119282384072,0.4303860440850258,848.0182495117188,12,AR3,6.865501403808594,9.41181182861328,46.6129264831543,0.4303860440850258,17.3586368560791,20.580744743347168,80,1.579119282384072,90.625,-0.0890666762902353,0.1691554382553132,0,5.0,6.0,6.0,0,30000,2.0,3000,0.35
2023-01-08,Stanislaus,771.125,6099,730.140869140625,AR2,26.358072916666668,1436.2093541666666,18.36753845214844,37.26515197753906,2.307891845703125,0.0208616256713867,2.870607437626008,0.406956173479557,730.140869140625,12,AR2,2.307891845703125,2.5892257690429688,37.26515197753906,0.406956173479557,5.462789535522461,8.049988746643066,80,2.870607437626008,18.75,-0.6694443704114951,0.0090392561983471,0,4.0,5.0,4.0,0,100000,2.0,5000,0.45
2023-01-08,Sutter,5129.431818181818,6101,837.215087890625,AR3,31.62510416666667,56363.54166666666,19.86421585083008,48.10717391967773,3.4036636352539062,0.1654624938964843,2.38487785093246,0.4229740872979164,837.215087890625,12,AR3,3.4036636352539062,4.794597625732422,48.10717391967773,0.4229740872979164,9.38711166381836,12.740564346313477,200,2.38487785093246,62.5,-0.1213846363689505,0.0486130568786774,0,5.0,6.0,5.0,0,30000,2.0,3000,0.35
2023-01-08,Tehama,953.9604863221884,6103,777.0115356445312,AR3,6.913776041666666,8604.263020833334,16.713998794555664,37.21272277832031,4.679203033447266,0.4205703735351562,1.53084244266633,0.4322132840752601,777.0115356445312,12,AR3,4.679203033447266,8.104324340820312,37.21272277832031,0.4322132840752601,13.374090194702148,15.157747268676758,20,1.53084244266633,84.375,-0.2542501481749313,0.0898807704066034,0,5.0,6.0,4.0,0,8000,0.5,4000,0.15
2023-01-08,Tuolumne,5690.670909090909,6109,318.95428466796875,AR1,8.416585648148148,1116.4016203703704,12.7637939453125,47.648414611816406,4.145145416259766,0.1597404479980468,2.8448387884324595,0.4824185147881508,318.95428466796875,12,AR1,4.145145416259766,8.048534393310547,47.648414611816406,0.4824185147881508,12.56699562072754,21.19069099426269,20,2.8448387884324595,93.75,-0.0607448017146956,0.0385367537098814,0,3.0,4.0,5.0,0,30000,2.0,3000,0.35
2023-01-08,Ventura,286.0,6111,200.4969482421875,,9.353923664122137,93.39533169533168,5.825942516326904,12.377826690673828,0.5950927734375,0.0445842742919921,0.6093927198840721,0.259891964495182,200.4969482421875,0,,0.5950927734375,0.8053779602050781,12.377826690673828,0.259891964495182,5.290412902832031,10.973000526428224,20,0.6093927198840721,40.625,-0.9485675033730824,0.0749198717948716,0,4.0,5.0,2.0,3,240000,5.0,8000,0.15
2023-01-08,Yolo,35109.121212121216,6113,820.04638671875,AR3,22.52358333333333,1081.4127083333333,15.3922700881958,43.148197174072266,3.9725303649902335,0.2907514572143554,1.856494534400202,0.4234089627861976,820.04638671875,12,AR3,3.9725303649902335,5.122184753417969,43.148197174072266,0.4234089627861976,10.233068466186523,13.570594787597656,80,1.856494534400202,40.625,-0.8708903602192002,0.0731904933381346,0,5.0,6.0,5.0,0,30000,2.0,3000,0.35
2023-01-08,Yuba,12778.29761904762,6115,617.6426391601562,AR2,37.615625,5578.4375,18.28476333618164,53.7739486694336,4.795551300048828,0.1463890075683593,2.12539574407762,0.4383549466729164,617.6426391601562,12,AR2,4.795551300048828,7.861614227294922,53.7739486694336,0.4383549466729164,13.208818435668944,17.431974411010742,20,2.12539574407762,46.875,-0.6054090198223886,0.0305260017897981,0,4.0,4.0,5.0,0,30000,2.0,3000,0.35
2023-01-09,Alameda,944.391304347826,6001,1138.409912109375,AR4,6.380030883261273,845.8739452495975,16.11188507080078,57.23372650146485,5.598068237304688,0.5991458892822266,4.135204684349798,0.4216256439685821,1138.409912109375,12,AR4,5.598068237304688,9.059429168701172,57.23372650146485,0.4216256439685821,11.524248123168944,15.723824501037598,80,4.135204684349798,84.375,-0.2305459608107582,0.1070272572402044,0,7.0,8.0,4.0,0,100000,2.0,5000,0.45
2023-01-09,Amador,490.2608695652174,6005,851.3598022460938,AR3,,,21.465103149414062,54.33917236328125,5.759239196777344,0.4734992980957031,3.476198257938508,0.4654870331287384,851.3598022460938,12,AR3,5.759239196777344,10.21432876586914,54.33917236328125,0.4654870331287384,16.757583618164062,23.9192008972168,20,3.476198257938508,,0.0,0.0822155986090412,0,5.0,6.0,6.0,0,30000,2.0,3000,0.35
2023-01-09,Butte,3578.71568627451,6007,803.4227294921875,AR3,4.2609375,2478.4375,16.995023727416992,57.159454345703125,7.569789886474609,1.610517501831055,2.877392184349798,0.4644685089588165,803.4227294921875,12,AR3,7.569789886474609,15.572547912597656,57.159454345703125,0.4644685089588165,24.30124282836914,28.89666557312012,200,2.877392184349798,90.625,-0.0910775237182045,0.212755905511811,0,5.0,5.0,8.0,0,30000,2.0,3000,0.35
2023-01-09,Calaveras,1589.608695652174,6009,684.5827026367188,AR2,3.1378125,128.12941176470588,19.09320640563965,50.269317626953125,7.305622100830078,1.6875267028808594,3.008456322454637,0.4254556000232696,684.5827026367188,12,AR2,7.305622100830078,12.063026428222656,50.269317626953125,0.4254556000232696,19.18487548828125,26.23610496520996,20,3.008456322454637,93.75,-0.0157632027572365,0.2309901442464591,0,4.0,5.0,6.0,0,30000,2.0,3000,0.35
2023-01-09,Colusa,567.4,6011,1061.702880859375,AR4,38.78857142857142,20544.10357142857,15.97122859954834,41.46113204956055,5.139350891113281,0.5919933319091797,2.823397728704638,0.4227242767810821,1061.702880859375,12,AR4,5.139350891113281,12.680530548095703,41.46113204956055,0.4227242767810821,15.528059005737305,18.363022804260257,20,2.823397728704638,71.875,-0.1414315835671417,0.1151883466320282,0,6.0,7.0,7.0,0,30000,2.0,3000,0.35
2023-01-09,Contra Costa,3364.2820211515864,6013,1121.8046875,AR4,7.897767857142857,775.5664930555555,16.24929428100586,47.96459579467773,6.897926330566406,1.4798641204833984,3.896387900075604,0.423010379076004,1121.8046875,12,AR4,6.897926330566406,12.178421020507812,47.96459579467773,0.423010379076004,15.43736457824707,19.287610054016117,80,3.896387900075604,40.625,-0.7380185030741688,0.214537536291995,0,6.0,7.0,5.0,0,100000,2.0,5000,0.45
2023-01-09,Del Norte,4250.736842105263,6015,833.3031005859375,AR3,18.550104166666667,41657.29166666666,21.19587516784668,46.50093460083008,4.001617431640625,0.4270076751708984,1.618807884954637,0.2603860199451446,833.3031005859375,12,AR3,4.001617431640625,11.841297149658203,46.50093460083008,0.2603860199451446,16.260194778442383,18.646931648254395,20,1.618807884954637,84.375,-0.2257619853607043,0.1067087702573879,0,6.0,7.0,6.0,0,8000,0.5,4000,0.15
2023-01-09,El Dorado,1485.2173913043478,6017,541.2725219726562,AR2,4.4884635416666665,72.57074652777777,17.83951187133789,60.2331428527832,7.220268249511719,0.5586147308349609,3.278318343623992,0.4988503754138946,541.2725219726562,12,AR2,7.220268249511719,11.98720932006836,60.2331428527832,0.4988503754138946,19.340038299560547,27.0047664642334,80,3.278318343623992,53.125,-0.6773502856919649,0.0773675868445383,0,4.0,5.0,6.0,0,30000,2.0,3000,0.35
2023-01-09,Fresno,3498.736506746626,6019,1163.640625,AR4,6.649597701149425,2393.7896103896105,16.194644927978516,29.93096923828125,7.277011871337891,1.2412071228027344,4.579068091607862,0.4109673798084259,1163.640625,12,AR4,7.277011871337891,8.994579315185547,29.93096923828125,0.4109673798084259,12.564897537231444,18.166279792785645,20,4.579068091607862,100.0,0.2071563845350021,0.1705654937422187,0,4.0,5.0,5.0,0,100000,2.0,5000,0.45
2023-01-09,Humboldt,2256.695652173913,6023,553.6765747070312,AR2,15.317931547619049,19140.745993589742,10.448186874389648,47.088134765625,4.271984100341797,0.9248256683349608,2.849371141003024,0.4433503448963165,553.6765747070312,12,AR2,4.271984100341797,13.365745544433594,47.088134765625,0.4433503448963165,19.22259330749512,22.49765396118164,20,2.849371141003024,93.75,-0.0181644165922903,0.2164862149793503,0,6.0,6.0,7.0,0,8000,0.5,4000,0.15
2023-01-09,Madera,837.8571428571428,6039,854.4102783203125,AR3,3.5853125,52.56029411764706,14.3905668258667,33.948394775390625,11.044979095458984,4.840970039367676,4.417620258946573,0.4279351532459259,854.4102783203125,12,AR3,11.044979095458984,13.237953186035156,33.948394775390625,0.4279351532459259,19.40474510192871,29.387497901916504,20,4.417620258946573,62.5,-0.3302902474988127,0.4382959892932694,0,4.0,5.0,6.0,0,100000,2.0,5000,0.45
2023-01-09,Marin,9364.515376458112,6041,1195.2109375,AR4,17.191681547619048,1088.741369047619,26.322341918945312,48.32941818237305,6.67572021484375,1.2195110321044922,2.38775634765625,0.1992364302277565,1195.2109375,12,AR4,6.67572021484375,14.344215393066406,48.32941818237305,0.1992364302277565,21.646785736083984,26.892781257629395,20,2.38775634765625,96.875,0.0443839437121291,0.1826785714285714,0,7.0,8.0,7.0,0,30000,2.0,3000,0.35
2023-01-09,Mendocino,3907.521739130435,6045,806.7730102539062,AR3,12.075902777777776,5932.473958333333,14.066153526306152,46.86531066894531,7.2116851806640625,0.9419918060302734,2.527908817414314,0.4288544952869415,806.7730102539062,12,AR3,7.2116851806640625,20.25699615478516,46.86531066894531,0.4288544952869415,25.68612098693848,29.24833297729492,20,2.527908817414314,90.625,-0.029778058456793,0.130620206294631,0,6.0,7.0,5.0,0,30000,2.0,3000,0.35
2023-01-09,Merced,1039.5117521367522,6047,910.0739135742188,AR3,49.33402777777778,1316.7395833333333,17.713693618774414,39.08431625366211,3.924846649169922,0.2205371856689453,4.272411715599798,0.413794070482254,910.0739135742188,12,AR3,3.924846649169922,7.1582794189453125,39.08431625366211,0.413794070482254,11.093950271606444,14.596104621887209,20,4.272411715599798,31.25,-0.7091740392515204,0.0561900133641112,0,6.0,7.0,5.0,0,100000,2.0,5000,0.45
2023-01-09,Monterey,10868.08695652174,6053,1034.9696044921875,AR4,8.84545380212592,3745.9173254836,14.1585693359375,64.12604522705078,7.157802581787109,2.644062042236328,3.28277587890625,0.4188676178455353,1034.9696044921875,12,AR4,7.157802581787109,9.825706481933594,64.12604522705078,0.4188676178455353,14.893484115600586,19.11251544952393,20,3.28277587890625,84.375,-0.1516338468539716,0.3693957764306175,0,5.0,6.0,5.0,0,100000,2.0,5000,0.45
2023-01-09,Napa,388.0,6055,1045.9586181640625,AR4,15.31128472222222,3006.78125,13.60178565979004,40.97615432739258,8.231163024902344,2.6847124099731445,3.009716403099798,0.4262376129627228,1045.9586181640625,12,AR4,8.231163024902344,15.252113342285156,40.97615432739258,0.4262376129627228,19.11540031433105,23.047971725463867,80,3.009716403099798,96.875,0.0691418602929842,0.3261644073687869,0,6.0,7.0,7.0,0,30000,2.0,3000,0.35
2023-01-09,Nevada,1067.3319194061505,6057,547.1276245117188,AR2,3.42315625,328.9460208333333,15.515467643737791,61.4892692565918,8.521556854248047,0.9911060333251952,3.042888026083669,0.5134377777576447,547.1276245117188,12,AR2,8.521556854248047,14.521121978759766,61.4892692565918,0.5134377777576447,23.432493209838867,30.70738315582275,20,3.042888026083669,75.0,-0.3297795882716499,0.1163057467405293,0,4.0,4.0,6.0,0,30000,2.0,3000,0.35
2023-01-09,Orange,3445.071177944862,6059,543.36083984375,AR2,6.3849375,2.716388888888889,7.7046284675598145,13.306947708129885,0.0081062316894531,0.0004768371582031,1.823523736769154,0.3539147675037384,543.36083984375,12,AR2,0.0081062316894531,0.0510215759277343,13.306947708129885,0.3539147675037384,5.344438552856445,9.172964096069336,20,1.823523736769154,3.125,-0.9935837056953204,0.0588235294117618,0,5.0,6.0,4.0,3,240000,5.0,8000,0.15
2023-01-09,Placer,599.3913043478261,6061,666.3862915039062,AR2,5.210612244897959,732.7605208333333,17.491716384887695,57.2927131652832,7.645130157470703,1.324295997619629,3.225221695438508,0.4768395721912384,666.3862915039062,12,AR2,7.645130157470703,12.47406005859375,57.2927131652832,0.4768395721912384,20.14927864074707,27.83215045928955,20,3.225221695438508,62.5,-0.4824431345498594,0.1732208569824736,0,5.0,5.0,6.0,0,30000,2.0,3000,0.35
2023-01-09,Riverside,365.4642857142857,6065,334.1328430175781,AR1,5.085931869369369,97.78044319600498,3.957083225250244,9.214746475219728,0.0,0.0,3.037548434349798,0.0350137101486325,334.1328430175781,12,AR1,0.0,0.0,9.214746475219728,0.0350137101486325,0.1763343811035155,1.614236831665039,20,3.037548434349798,21.875,-0.7388174353656454,0.0,0,3.0,4.0,1.0,8,240000,5.0,8000,0.15
2023-01-09,San Bernardino,1109.171562867215,6071,343.9668273925781,AR1,19.25324155193993,26.709457787481803,7.349191665649414,16.714876174926758,0.0,0.0,2.529798938382056,0.0140710221603512,343.9668273925781,12,AR1,0.0,0.0004768371582031,16.714876174926758,0.0140710221603512,0.1631736755371092,0.7494926452636715,20,2.529798938382056,21.875,-0.8937038617374897,0.0,0,2.0,3.0,0.0,999,240000,5.0,8000,0.15
2023-01-09,San Diego,1191.0,6073,328.1139831542969,AR1,3.077332427536232,8.31078373015873,2.49523401260376,11.972174644470217,0.0,0.0,1.777483540196572,0.3172097504138946,328.1139831542969,12,AR1,0.0,0.0,11.972174644470217,0.3172097504138946,2.016210556030273,7.674813270568848,20,1.777483540196572,3.125,-0.9781992666002056,0.0,0,3.0,5.0,4.0,4,240000,5.0,8000,0.15
2023-01-09,San Joaquin,6935.565217391304,6077,1053.3709716796875,AR4,11.634675925925926,1830.8931402085748,21.117862701416016,48.47578430175781,4.431247711181641,0.6601810455322266,4.337274366809476,0.4213433563709259,1053.3709716796875,12,AR4,4.431247711181641,7.742881774902344,48.47578430175781,0.4213433563709259,10.83049774169922,17.764902114868164,80,4.337274366809476,21.875,-0.6816685095690619,0.1489831055633272,0,7.0,8.0,5.0,0,100000,2.0,5000,0.45
2023-01-09,San Luis Obispo,19588.70652173913,6079,1334.6424560546875,AR5,9.38842019543974,2945.2909800520383,20.014667510986328,38.84619903564453,7.915019989013672,1.904606819152832,4.739035329511088,0.4454369843006134,1334.6424560546875,12,AR5,7.915019989013672,9.39321517944336,38.84619903564453,0.4454369843006134,14.505577087402344,17.900896072387695,20,4.739035329511088,96.875,0.2599781918520431,0.2406319657810711,0,6.0,7.0,5.0,0,240000,5.0,8000,0.15
2023-01-09,San Mateo,3564.5652173913045,6081,1179.2288818359375,AR4,5.22042824074074,468.9667361111111,17.404634475708008,56.14362716674805,6.484508514404297,1.730203628540039,3.13531494140625,0.427008181810379,1179.2288818359375,12,AR4,6.484508514404297,9.983062744140623,56.14362716674805,0.427008181810379,13.558626174926758,18.12260150909424,80,3.13531494140625,100.0,0.1774570822516813,0.2668210897860136,0,7.0,8.0,5.0,0,100000,2.0,5000,0.45
2023-01-09,Santa Barbara,2627.9333333333334,6083,968.234130859375,AR3,5.802597932535364,883.1601881638846,18.448766708374023,33.214935302734375,6.05010986328125,0.2750158309936523,1.312151508946572,0.1114449854940176,968.234130859375,12,AR3,6.05010986328125,9.60540771484375,33.214935302734375,0.1114449854940176,15.651416778564451,18.708181381225582,20,1.312151508946572,96.875,0.0395937679860008,0.0454563366960907,0,6.0,7.0,4.0,0,240000,5.0,8000,0.15
2023-01-09,Santa Clara,764.0869565217391,6085,1119.0701904296875,AR4,7.244900473933649,1593.6245046923875,15.366036415100098,64.31173706054688,9.854793548583984,3.786802291870117,3.46487328314012,0.5026498138904572,1119.0701904296875,12,AR4,9.854793548583984,13.97562026977539,64.31173706054688,0.5026498138904572,17.80409812927246,24.578118324279785,80,3.46487328314012,96.875,0.0525119171695436,0.3842599312914307,0,7.0,8.0,4.0,0,100000,2.0,5000,0.45
2023-01-09,Santa Cruz,5272.608695652174,6087,1197.5902099609375,AR4,13.896474164133735,3557.740121580547,24.44984436035156,52.075958251953125,8.396148681640625,0.61798095703125,2.45266625189012,0.0802522059530019,1197.5902099609375,12,AR4,8.396148681640625,11.662006378173828,52.075958251953125,0.0802522059530019,15.95768928527832,21.56527042388916,80,2.45266625189012,100.0,0.052161342426782,0.0736029077691958,0,7.0,8.0,7.0,0,100000,2.0,5000,0.45
2023-01-09,Shasta,884.0,6089,923.3255004882812,AR3,8.238082191780823,5439.335142469471,17.528244018554688,55.70016098022461,4.169940948486328,0.6351470947265625,3.392009119833669,0.4315476715564728,923.3255004882812,12,AR3,4.169940948486328,10.213375091552734,55.70016098022461,0.4315476715564728,15.237665176391602,17.86649227142334,20,3.392009119833669,90.625,-0.0774032674820908,0.1523156089193825,0,6.0,6.0,5.0,0,8000,0.5,4000,0.15
2023-01-09,Siskiyou,339.59375,6093,510.6544189453125,AR2,8.7448828125,2024.5034013605443,9.028454780578612,35.12150573730469,3.021717071533203,0.6691217422485352,3.059111564390121,0.445593386888504,510.6544189453125,12,AR2,3.021717071533203,8.810997009277344,35.12150573730469,0.445593386888504,10.743951797485352,12.21621036529541,20,3.059111564390121,84.375,-0.2038788209084181,0.2214375887643995,0,5.0,5.0,4.0,0,8000,0.5,4000,0.15
2023-01-09,Solano,1875.391304347826,6095,1102.9178466796875,AR4,7.465729166666667,33233.46041666667,15.872525215148926,44.00615310668945,8.488655090332031,2.6090145111083984,3.592456448462702,0.4224953949451446,1102.9178466796875,12,AR4,8.488655090332031,13.60940933227539,44.00615310668945,0.4224953949451446,17.834043502807617,22.091126441955566,80,3.592456448462702,71.875,-0.3505039688424524,0.3073531063925401,0,6.0,7.0,5.0,0,30000,2.0,3000,0.35
2023-01-09,Sonoma,3149.6521739130435,6097,1059.8873291015625,AR4,35.771840291852456,5393.227640812558,13.815653800964355,46.49874877929688,8.965015411376953,4.117131233215332,3.011370258946572,0.4268594086170196,1059.8873291015625,12,AR4,8.965015411376953,17.65918731689453,46.49874877929688,0.4268594086170196,24.00827407836914,28.374743461608887,80,3.011370258946572,100.0,0.0502158550277518,0.4592441891388756,0,6.0,7.0,7.0,0,30000,2.0,3000,0.35
2023-01-09,Stanislaus,334.25,6099,964.5335693359376,AR3,27.130822916666663,1761.6304166666666,17.84569549560547,41.69050979614258,3.869056701660156,0.6096363067626953,4.240358414188508,0.4150224030017853,964.5335693359376,12,AR3,3.869056701660156,6.186962127685547,41.69050979614258,0.4150224030017853,8.608818054199219,11.426496505737305,80,4.240358414188508,34.375,-0.5945459832898883,0.1575671678580232,0,5.0,6.0,5.0,0,100000,2.0,5000,0.45
2023-01-09,Sutter,465.5652173913044,6101,1239.27392578125,AR4,32.16260416666667,57950.0,22.96055221557617,42.10994720458984,5.381584167480469,0.5819797515869141,3.96361320249496,0.421850711107254,1239.27392578125,12,AR4,5.381584167480469,10.024070739746094,42.10994720458984,0.421850711107254,13.546228408813477,17.362093925476074,200,3.96361320249496,65.625,-0.0966543475295691,0.1081428318270423,0,6.0,7.0,6.0,0,30000,2.0,3000,0.35
2023-01-09,Tulare,2755.8205128205127,6107,537.2958374023438,AR2,5.936440217391305,144.6351902173913,5.94691801071167,40.73859786987305,6.421089172363281,1.9127130508422847,4.186332456527218,0.4317117035388946,537.2958374023438,12,AR2,6.421089172363281,7.618904113769531,40.73859786987305,0.4317117035388946,10.889196395874023,17.650461196899414,20,4.186332456527218,78.125,-0.5814851759477372,0.2978798455369078,0,1.0,2.0,6.0,0,100000,2.0,5000,0.45
2023-01-09,Tuolumne,1016.9130434782608,6109,483.7549133300781,AR1,7.971100591715976,646.1058892815076,13.771088600158691,41.430545806884766,9.261131286621094,2.3883581161499023,3.5602928899949595,0.5092912018299103,483.7549133300781,12,AR1,9.261131286621094,13.414859771728516,41.430545806884766,0.5092912018299103,20.21780014038086,29.119324684143063,20,3.5602928899949595,78.125,-0.456415770026312,0.2578905365049943,0,4.0,5.0,6.0,0,30000,2.0,3000,0.35
2023-01-09,Ventura,222.5,6111,735.734130859375,AR2,11.103754674644726,2313.6668412570507,9.509982109069824,20.148462295532227,4.861831665039063,0.6769895553588867,1.235003071446572,0.2884087860584259,735.734130859375,12,AR2,4.861831665039063,5.4569244384765625,20.148462295532227,0.2884087860584259,9.390544891357422,15.10634422302246,20,1.235003071446572,96.875,0.2741285870363532,0.1392457826598666,0,5.0,6.0,3.0,0,240000,5.0,8000,0.15
2023-01-09,Yolo,6050.95652173913,6113,1133.1719970703125,AR4,23.78445833333333,1818.1895833333333,17.235193252563477,43.49715042114258,4.997730255126953,0.680088996887207,3.278491604712702,0.4212861359119415,1133.1719970703125,12,AR4,4.997730255126953,10.040760040283203,43.49715042114258,0.4212861359119415,13.90094757080078,17.764568328857422,80,3.278491604712702,59.375,-0.7829267213632454,0.1360795725598702,0,6.0,7.0,6.0,0,30000,2.0,3000,0.35
2023-01-09,Yuba,4790.558823529413,6115,989.9596557617188,AR3,38.5753125,6899.166666666667,20.194026947021484,44.20058059692383,8.245468139648438,2.156496047973633,3.36672875189012,0.4421716034412384,989.9596557617188,12,AR3,8.245468139648438,13.465404510498049,44.20058059692383,0.4421716034412384,19.75040435791016,24.647951126098636,20,3.36672875189012,65.625,-0.5119871940111,0.2615371269951422,0,5.0,5.0,6.0,0,30000,2.0,3000,0.35
2023-01-10,Alameda,5037.017857142857,6001,603.2163696289062,AR2,6.214120184899846,759.2048651221834,17.455156326293945,49.07454681396485,4.040241241455078,0.8885860443115234,1.372143160912298,0.4230696931481361,603.2163696289062,12,AR2,4.040241241455078,12.825489044189451,49.07454681396485,0.4230696931481361,14.002561569213867,18.817543983459476,80,1.372143160912298,75.0,-0.3093849818627387,0.2199339077068334,0,7.0,9.0,5.0,0,100000,2.0,5000,0.45
2023-01-10,Amador,2866.0,6005,930.4570922851562,AR3,,,22.28055763244629,47.96696853637695,5.37109375,0.3952980041503906,1.811281265751008,0.4674651399254799,930.4570922851562,12,AR3,5.37109375,15.544414520263672,47.96696853637695,0.4674651399254799,19.235801696777344,27.81062126159668,20,1.811281265751008,,0.0,0.0735973011363636,0,6.0,7.0,7.0,0,30000,2.0,3000,0.35
2023-01-10,Butte,957.7391304347826,6007,631.9105224609375,AR2,4.489583333333333,2617.708333333333,15.451930046081545,41.36738204956055,4.404067993164063,0.4663467407226562,1.312572848412298,0.4591414704918861,631.9105224609375,12,AR2,4.404067993164063,18.55039596557617,41.36738204956055,0.4591414704918861,24.87101554870605,31.63723945617676,200,1.312572848412298,93.75,-0.040002444880363,0.1058899956691208,0,6.0,6.0,9.0,0,30000,2.0,3000,0.35
2023-01-10,Calaveras,4355.25,6009,783.6613159179688,AR3,,374.5833333333333,20.72195053100586,48.0193977355957,6.751537322998047,1.02996826171875,1.441195580267137,0.434677816927433,783.6613159179688,12,AR3,6.751537322998047,18.767356872558597,48.0193977355957,0.434677816927433,23.010683059692383,31.395483016967773,20,1.441195580267137,100.0,1.877393216926276,0.1525531464086446,0,5.0,6.0,7.0,0,30000,2.0,3000,0.35
2023-01-10,Contra Costa,3875.64,6013,615.2008666992188,AR2,8.071919642857143,1427.849652777778,18.87861633300781,41.668853759765625,4.520416259765625,0.6508827209472656,1.588892782888104,0.4218032136559486,615.2008666992188,12,AR2,4.520416259765625,16.477584838867188,41.668853759765625,0.4218032136559486,17.622709274291992,22.68540859222412,80,1.588892782888104,75.0,-0.5176813429033026,0.1439873417721519,0,7.0,8.0,6.0,0,100000,2.0,5000,0.45
2023-01-10,El Dorado,9643.791666666666,6017,557.3978881835938,AR2,4.966970486111111,127.99835069444444,19.00725555419922,50.18867492675781,5.638599395751953,0.1475811004638672,1.562131820186492,0.5006453841924667,557.3978881835938,12,AR2,5.638599395751953,17.566680908203125,50.18867492675781,0.5006453841924667,21.561241149902344,30.986905097961422,80,1.562131820186492,90.625,-0.4309190237190906,0.0261733615221987,0,5.0,6.0,7.0,0,30000,2.0,3000,0.35
2023-01-10,Fresno,5964.25,6019,774.40869140625,AR3,8.1259375,2022.7369791666667,15.17678928375244,32.620361328125,7.421493530273437,0.6957054138183594,4.191983130670362,0.4298331514000892,774.40869140625,12,AR3,7.421493530273437,16.416072845458984,32.620361328125,0.4298331514000892,18.353605270385746,24.471378326416016,20,4.191983130670362,96.875,0.0200394587888061,0.0937419686455924,1,5.0,6.0,6.0,0,100000,2.0,5000,0.45
2023-01-10,Humboldt,2415.8,6023,392.3954162597656,AR1,14.542918838421445,17602.35685645549,8.403451919555664,39.2208366394043,2.6988983154296875,0.4389286041259765,0.946661180065524,0.4368331208825111,392.3954162597656,12,AR1,2.6988983154296875,13.09347152709961,39.2208366394043,0.4368331208825111,19.034910202026367,23.910951614379883,20,0.946661180065524,84.375,-0.0970769728987237,0.1626325088339222,0,7.0,7.0,8.0,0,8000,0.5,4000,0.15
2023-01-10,Kern,3348.8166666666666,6029,500.21875,AR2,7.997083333333333,1984.71875,7.632429599761963,30.53061866760254,4.807949066162109,0.9300708770751952,3.971784037928428,0.4226348176598549,500.21875,12,AR2,4.807949066162109,5.349636077880859,30.53061866760254,0.4226348176598549,6.782770156860352,10.279297828674316,20,3.971784037928428,100.0,3.244065098650801,0.1934444113855003,1,4.0,6.0,3.0,0,240000,5.0,8000,0.15
2023-01-10,Kings,2252.590909090909,6031,819.0516357421875,AR3,,,12.469944953918455,26.106863021850582,3.360748291015625,0.4155635833740234,4.271588725428428,0.4239241853356361,819.0516357421875,12,AR3,3.360748291015625,9.190082550048828,26.106863021850582,0.4239241853356361,9.801721572875977,12.970519065856934,20,4.271588725428428,,0.0,0.1236520998864926,0,6.0,8.0,5.0,0,100000,2.0,5000,0.45
2023-01-10,Lake,783.6111111111111,6033,412.0685729980469,AR1,9.710419847328245,965.9784270833334,11.050623893737791,35.13261795043945,6.198406219482422,2.297401428222656,0.4372420772429439,0.4202353730797767,412.0685729980469,12,AR1,6.198406219482422,22.19867706298828,35.13261795043945,0.4202353730797767,27.96459197998047,34.55338478088379,20,0.4372420772429439,81.25,-0.1861639193782477,0.3706438956842833,0,7.0,8.0,7.0,0,30000,2.0,3000,0.35
2023-01-10,Madera,1995.7083333333333,6039,669.4137573242188,AR2,3.6946875,71.28333333333333,14.511619567871094,34.46632385253906,8.765697479248047,2.123355865478516,2.884539204259073,0.4378859773278236,669.4137573242188,12,AR2,8.765697479248047,22.003650665283203,34.46632385253906,0.4378859773278236,25.35066604614257,36.31370067596436,20,2.884539204259073,90.625,-0.0917260961806921,0.2422346733394984,0,5.0,6.0,7.0,0,100000,2.0,5000,0.45
2023-01-10,Marin,2291.04,6041,596.7926635742188,AR2,15.93279761904762,633.7010416666666,25.08547019958496,45.19256591796875,2.96926498413086,0.3864765167236328,0.60028076171875,0.195969320833683,596.7926635742188,12,AR2,2.96926498413086,16.14856719970703,45.19256591796875,0.195969320833683,20.46985626220703,28.276586532592773,20,0.60028076171875,84.375,-0.3921171622152526,0.1301589850650393,0,7.0,9.0,8.0,0,30000,2.0,3000,0.35
2023-01-10,Mariposa,342.9,6043,748.9826049804688,AR2,4.694895833333333,1258.5989583333333,17.209320068359375,42.5732650756836,6.331920623779297,1.001596450805664,2.592436759702621,0.4320380464196205,748.9826049804688,12,AR2,6.331920623779297,19.768238067626957,42.5732650756836,0.4320380464196205,23.723268508911133,34.560346603393555,20,2.592436759702621,96.875,0.1920702620521185,0.1581820920250018,1,5.0,6.0,7.0,0,100000,2.0,5000,0.45
2023-01-10,Mendocino,3454.44,6045,505.920654296875,AR2,11.034348958333332,5075.639583333334,12.727239608764648,38.396366119384766,6.535530090332031,1.283407211303711,0.322464481476814,0.4232756868004799,505.920654296875,12,AR2,6.535530090332031,23.273944854736328,38.396366119384766,0.4232756868004799,28.33685874938965,34.14483070373535,20,0.322464481476814,81.25,-0.1699083846465451,0.1963738508682329,0,7.0,8.0,6.0,0,30000,2.0,3000,0.35
2023-01-10,Merced,3064.68,6047,828.3952026367188,AR3,49.68836805555556,1464.986111111111,13.385303497314451,35.71152877807617,3.30972671508789,0.0627040863037109,4.037670504662298,0.4259764924645424,828.3952026367188,12,AR3,3.30972671508789,10.430335998535156,35.71152877807617,0.4259764924645424,11.950206756591797,17.024636268615723,20,4.037670504662298,40.625,-0.6764310888501546,0.0189453969168707,0,6.0,8.0,6.0,0,100000,2.0,5000,0.45
2023-01-10,Mono,670.6428571428572,6051,230.5138397216797,,2.511097756410256,79.71845513413506,12.48896312713623,35.25495529174805,5.7735443115234375,0.0090599060058593,6.366583055065524,0.3338515534996986,230.5138397216797,0,,5.7735443115234375,13.982295989990234,35.25495529174805,0.3338515534996986,14.365625381469728,19.419384002685547,20,6.366583055065524,100.0,0.0659769054375087,0.0015692104393789,0,1.0,1.0,5.0,0,100000,2.0,5000,0.45
2023-01-10,Monterey,4665.48,6053,628.7605590820312,AR2,10.87969014084507,6710.153198653199,16.779752731323242,42.65409469604492,6.023406982421875,2.4335384368896484,2.19451904296875,0.4237105622887611,628.7605590820312,12,AR2,6.023406982421875,15.628814697265623,42.65409469604492,0.4237105622887611,18.61572265625,24.004483222961422,20,2.19451904296875,100.0,0.5196990113568524,0.4040136162127929,0,5.0,7.0,6.0,0,100000,2.0,5000,0.45
2023-01-10,Napa,1708.125,6055,596.0013427734375,AR2,14.376770833333332,2317.378472222222,16.482669830322266,48.3558235168457,4.458427429199219,0.7023811340332031,0.972729098412298,0.4196479097008705,596.0013427734375,12,AR2,4.458427429199219,18.652915954589844,48.3558235168457,0.4196479097008705,20.66230773925781,26.18422508239746,80,0.972729098412298,87.5,-0.1759938203703444,0.1575401069518716,0,7.0,8.0,8.0,0,30000,2.0,3000,0.35
2023-01-10,Nevada,2008.25,6057,509.0216674804687,AR2,3.6127708333333337,421.94944791666666,15.184063911437988,50.04012680053711,3.817558288574219,0.1933574676513672,1.2490647838961697,0.5050628036260605,509.0216674804687,12,AR2,3.817558288574219,18.08643341064453,50.04012680053711,0.5050628036260605,23.5346794128418,32.6887845993042,20,1.2490647838961697,90.625,-0.140287114600654,0.0506495128653509,0,5.0,5.0,7.0,0,30000,2.0,3000,0.35
2023-01-10,Orange,3352.166666666667,6059,718.5289916992188,AR2,7.111361746361746,110.43146651270207,14.755303382873535,29.25482940673828,9.511470794677734,1.7452239990234375,2.116614557081654,0.4085585847496986,718.5289916992188,12,AR2,9.511470794677734,9.562492370605469,29.25482940673828,0.4085585847496986,13.58046531677246,18.069982528686523,20,2.116614557081654,81.25,-0.7391534060012002,0.1834862385321101,0,5.0,7.0,5.0,0,240000,5.0,8000,0.15
2023-01-10,Placer,4226.96,6061,676.637451171875,AR2,5.729974489795918,1391.3759375,17.9849910736084,50.00517272949219,4.116058349609375,0.2236366271972656,1.564699234501008,0.4727065339684486,676.637451171875,12,AR2,4.116058349609375,16.495704650878906,50.00517272949219,0.4727065339684486,20.89676856994629,30.249524116516117,20,1.564699234501008,93.75,-0.0172557767491386,0.0543327154772937,0,6.0,6.0,7.0,0,30000,2.0,3000,0.35
2023-01-10,Riverside,1798.0,6065,412.0962524414063,AR1,6.107883314543405,145.38300820419326,7.246684551239014,19.21891212463379,0.0,0.0,1.755932223412298,0.0340277925133705,412.0962524414063,12,AR1,0.0,0.0,19.21891212463379,0.0340277925133705,0.1394748687744139,1.4843225479125974,20,1.755932223412298,56.25,-0.6116656286685759,0.0,0,3.0,5.0,1.0,9,240000,5.0,8000,0.15
2023-01-10,San Benito,1037.7,6069,756.2298583984375,AR3,9.832723880597015,2478.6417910447763,17.522436141967773,46.25426483154297,3.963947296142578,0.4413127899169922,2.957230106476814,0.4289634004235267,756.2298583984375,12,AR3,3.963947296142578,10.570526123046877,46.25426483154297,0.4289634004235267,12.310504913330078,15.33670425415039,20,2.957230106476814,100.0,1.447477370568867,0.1113316492241068,1,5.0,7.0,5.0,0,100000,2.0,5000,0.45
2023-01-10,San Bernardino,6730.386100386101,6071,453.1795959472656,AR1,19.08960784313725,235.9504326415758,11.354802131652832,24.58242988586425,0.0,0.0,3.588514758694556,0.0099532380700111,453.1795959472656,12,AR1,0.0,0.0,24.58242988586425,0.0099532380700111,0.1377105712890623,0.6917238235473631,20,3.588514758694556,93.75,-0.0609835657943286,0.0,0,3.0,4.0,0.0,999,240000,5.0,8000,0.15
2023-01-10,San Diego,3247.8076923076924,6073,426.087158203125,AR1,3.1497554347826084,15.582837301587302,8.739319801330566,23.935400009155277,1.5087127685546875,0.0340938568115234,1.981707173009072,0.3263022676110267,426.087158203125,12,AR1,1.5087127685546875,1.5087127685546875,23.935400009155277,0.3263022676110267,3.011703491210937,8.607816696166992,20,1.981707173009072,15.625,-0.95912331584427,0.0225979772439949,0,3.0,6.0,5.0,0,240000,5.0,8000,0.15
2023-01-10,San Francisco,5481.588235294118,6075,626.2830810546875,AR2,,,24.617151260375977,40.96760559082031,1.8672943115234373,0.1363754272460937,0.725643034904234,0.208878256380558,626.2830810546875,12,AR2,1.8672943115234373,12.913227081298828,40.96760559082031,0.208878256380558,15.270376205444336,21.763896942138672,80,0.725643034904234,,0.0,0.0730337078651685,0,7.0,9.0,7.0,0,100000,2.0,5000,0.45
2023-01-10,San Joaquin,4961.16,6077,828.6876831054688,AR3,12.116597222222222,2938.8273148148146,18.568429946899418,42.199703216552734,2.8023719787597656,0.1692771911621093,3.268548780871976,0.4212462678551674,828.6876831054688,12,AR3,2.8023719787597656,10.48135757446289,42.199703216552734,0.4212462678551674,11.75680160522461,19.42150592803955,80,3.268548780871976,46.875,-0.4890355648295359,0.0604049685213544,0,7.0,9.0,6.0,0,100000,2.0,5000,0.45
2023-01-10,San Luis Obispo,8926.88,6079,1006.6710815429688,AR4,13.654267744833785,5338.3763392857145,19.80244445800781,37.93979263305664,7.094383239746094,1.1713504791259766,3.558493337323588,0.4573981538414955,1006.6710815429688,12,AR4,7.094383239746094,16.487598419189453,37.93979263305664,0.4573981538414955,19.747114181518555,23.957347869873047,20,3.558493337323588,100.0,1.283726060669259,0.1651095577362548,1,6.0,8.0,6.0,0,240000,5.0,8000,0.15
2023-01-10,San Mateo,16023.56,6081,596.1917114257812,AR2,5.0645138888888885,300.63043981481485,16.403697967529297,40.46952438354492,2.309799194335937,0.5621910095214844,1.09100341796875,0.4253318086266517,596.1917114257812,12,AR2,2.309799194335937,11.919498443603516,40.46952438354492,0.4253318086266517,14.10379409790039,19.349169731140137,80,1.09100341796875,87.5,-0.2451928607223772,0.2433938893476465,0,7.0,9.0,6.0,0,100000,2.0,5000,0.45
2023-01-10,Santa Barbara,451.2051282051282,6083,1092.1534423828125,AR4,8.074282834101382,3712.584288443171,20.883731842041016,37.552223205566406,12.51840591430664,1.8329620361328125,1.492937641759072,0.1132209077477455,1092.1534423828125,12,AR4,12.51840591430664,22.12381362915039,37.552223205566406,0.1132209077477455,25.955963134765625,30.149292945861816,20,1.492937641759072,100.0,3.370191887173309,0.1464213613682246,1,6.0,8.0,5.0,0,240000,5.0,8000,0.15
2023-01-10,Santa Clara,62853.16,6085,586.3018798828125,AR2,7.452594696969697,1449.0625,15.075431823730469,53.40873336791992,6.918907165527344,2.3446083068847656,1.34243675970262,0.4973952621221542,586.3018798828125,12,AR2,6.918907165527344,20.115375518798828,53.40873336791992,0.4973952621221542,22.47591018676757,30.01289367675781,80,1.34243675970262,93.75,-0.04296429586599,0.3388697450034459,0,7.0,9.0,5.0,0,100000,2.0,5000,0.45
2023-01-10,Santa Cruz,17128.72,6087,583.4451293945312,AR2,14.16716049382716,3469.33950617284,23.367244720458984,42.54923248291016,5.888462066650391,0.3867149353027344,0.6056203534526201,0.0793769136071205,583.4451293945312,12,AR2,5.888462066650391,16.470909118652344,42.54923248291016,0.0793769136071205,19.53043937683105,26.154065132141117,80,0.6056203534526201,96.875,0.0260178617339296,0.0656733338731881,0,7.0,9.0,8.0,0,100000,2.0,5000,0.45
2023-01-10,Solano,570.3205128205127,6095,634.8449096679688,AR2,7.70703125,35226.76354166667,18.522380828857425,42.63443374633789,5.239963531494141,0.7536411285400391,1.711230862525202,0.420304037630558,634.8449096679688,12,AR2,5.239963531494141,18.21136474609375,42.63443374633789,0.420304037630558,20.17989158630371,26.046204566955566,80,1.711230862525202,75.0,-0.3115479753241798,0.1438256438256438,0,7.0,8.0,6.0,0,30000,2.0,3000,0.35
2023-01-10,Sonoma,4791.4,6097,512.3140258789062,AR2,36.08860932475884,5033.697593097184,13.772013664245604,43.857791900634766,4.981517791748047,1.2488365173339844,0.8674493605090721,0.4195487275719642,512.3140258789062,12,AR2,4.981517791748047,20.812034606933597,43.857791900634766,0.4195487275719642,25.270509719848636,31.73699378967285,80,0.8674493605090721,93.75,-0.0197949402912237,0.2506939791327653,0,7.0,8.0,8.0,0,30000,2.0,3000,0.35
2023-01-10,Stanislaus,851.7083333333334,6099,821.0823364257812,AR3,28.021552083333333,2075.5546354166668,15.4757080078125,37.6405029296875,2.4619102478027344,0.0259876251220703,3.796144547001008,0.4242789521813392,821.0823364257812,12,AR3,2.4619102478027344,8.638858795166016,37.6405029296875,0.4242789521813392,9.488153457641602,13.202404975891112,80,3.796144547001008,43.75,-0.5222936911912923,0.0105558783652914,0,5.0,7.0,6.0,0,100000,2.0,5000,0.45
2023-01-10,Sutter,326.5,6101,850.4408569335938,AR3,32.98135416666667,60530.208333333336,20.637022018432617,43.853424072265625,2.7265548706054688,0.1587867736816406,2.07262199155746,0.4169661775231361,850.4408569335938,12,AR3,2.7265548706054688,11.511802673339844,43.853424072265625,0.4169661775231361,13.890457153320312,19.05951499938965,200,2.07262199155746,75.0,-0.0564331226739238,0.0582371458551941,0,7.0,8.0,7.0,0,30000,2.0,3000,0.35
2023-01-10,Tulare,1632.3695652173913,6107,352.0174560546875,AR1,8.113386666666667,1133.5973262032087,6.355600357055664,42.6212272644043,11.065006256103516,4.132509231567383,3.063407651839717,0.4506537690758705,352.0174560546875,12,AR1,11.065006256103516,18.683910369873047,42.6212272644043,0.4506537690758705,20.079946517944336,27.59008407592773,20,3.063407651839717,100.0,2.2801649778935,0.3734755440637793,1,2.0,3.0,7.0,0,100000,2.0,5000,0.45
2023-01-10,Tuolumne,6486.041666666667,6109,496.475830078125,AR1,9.02094861660079,1052.1687179487178,17.622142791748047,48.312129974365234,5.124092102050781,0.8785724639892578,2.2122704290574595,0.5030562728643417,496.475830078125,12,AR1,5.124092102050781,18.53036880493164,48.312129974365234,0.5030562728643417,22.376632690429688,32.44786262512207,20,2.2122704290574595,90.625,-0.1147854680839139,0.1714591475898008,0,5.0,6.0,7.0,0,30000,2.0,3000,0.35
2023-01-10,Ventura,2075.6525925925926,6111,896.1792602539062,AR3,14.627865546218487,6136.796782387807,13.280611991882324,31.12303352355957,11.806964874267578,3.101825714111328,2.083757954259072,0.2978789582848549,896.1792602539062,12,AR3,11.806964874267578,17.26388931274414,31.12303352355957,0.2978789582848549,19.65293884277344,25.94172954559326,20,2.083757954259072,100.0,2.379513451912893,0.2627115221517709,1,5.0,7.0,4.0,0,240000,5.0,8000,0.15
2023-01-10,Yolo,2622.6,6113,695.2637329101562,AR2,24.75695516162669,3662.9940677966106,18.08071517944336,44.22261428833008,3.3426284790039062,0.0791549682617187,1.050098050025202,0.4191634431481361,695.2637329101562,12,AR2,3.3426284790039062,12.312889099121094,44.22261428833008,0.4191634431481361,14.808130264282228,20.053553581237797,80,1.050098050025202,68.75,-0.5626758951803882,0.0236804564907275,0,7.0,8.0,7.0,0,30000,2.0,3000,0.35
2023-01-11,Alameda,544.6083333333333,6001,526.1903686523438,AR2,5.919641073657927,736.6901382192221,10.667362213134766,28.52219009399414,0.9775161743164062,0.0646114349365234,1.188183199974798,0.4224616885185241,526.1903686523438,12,AR2,0.9775161743164062,10.615825653076172,28.52219009399414,0.4224616885185241,13.226747512817385,18.64652633666992,80,1.188183199974798,71.875,-0.3298656310824215,0.0660975609756097,0,7.0,10.0,4.0,1,100000,2.0,5000,0.45
2023-01-11,Butte,823.0,6007,250.0075836181641,AR1,4.144166666666666,2246.458333333333,11.049408912658691,27.20926284790039,5.035877227783203,0.2236366271972656,-0.595508206275202,0.4641372561454773,250.0075836181641,12,AR1,5.035877227783203,17.009735107421875,27.20926284790039,0.4641372561454773,26.15218162536621,34.789419174194336,200,-0.595508206275202,84.375,-0.1761517201070397,0.0444086734210775,0,6.0,7.0,9.0,0,30000,2.0,3000,0.35
2023-01-11,Colusa,496.8181818181818,6011,383.8566284179687,AR1,40.37767857142857,23846.432142857146,9.51842212677002,21.72173500061035,3.6211013793945312,0.4470348358154297,0.3744231193296379,0.4155914187431335,383.8566284179687,12,AR1,3.6211013793945312,12.394428253173828,21.72173500061035,0.4155914187431335,17.692899703979492,23.339319229125977,20,0.3744231193296379,93.75,-0.0034223975126315,0.1234527258361864,0,7.0,9.0,8.0,0,30000,2.0,3000,0.35
2023-01-11,Contra Costa,1048.724358974359,6013,471.9224243164063,AR1,7.760438066465256,3536.7440812720847,11.08631420135498,24.22743797302246,1.552104949951172,0.0591278076171875,0.901514853200604,0.4257423281669616,471.9224243164063,12,AR1,1.552104949951172,12.970447540283203,24.22743797302246,0.4257423281669616,16.86878204345703,22.888875007629395,80,0.901514853200604,96.875,0.1946899678514901,0.038095238095238,0,7.0,9.0,6.0,0,100000,2.0,5000,0.45
2023-01-11,Del Norte,390.0,6015,541.30908203125,AR2,17.087222222222223,33497.395833333336,17.949134826660156,40.65103912353515,2.356529235839844,0.1678466796875,0.481844994329637,0.2625190615653991,541.30908203125,12,AR2,2.356529235839844,6.422996520996094,40.65103912353515,0.2625190615653991,13.91148567199707,18.96178722381592,20,0.481844994329637,71.875,-0.3774209458187303,0.0712262242007284,0,7.0,9.0,7.0,0,8000,0.5,4000,0.15
2023-01-11,Fresno,746.8484848484849,6019,140.14404296875,,6.796132404181185,1872.5741514360311,6.416201591491699,12.994263648986816,0.1058578491210937,0.0028610229492187,0.4450348884828621,0.4121925234794616,140.14404296875,0,,0.1058578491210937,14.80436325073242,12.994263648986816,0.4121925234794616,16.199445724487305,23.08976650238037,20,0.4450348884828621,84.375,-0.0556856656866748,0.0270270270270265,0,4.0,6.0,5.0,1,100000,2.0,5000,0.45
2023-01-11,Kings,370.2962962962963,6031,206.89463806152344,,,,9.315740585327148,12.360851287841797,0.0,0.0,0.958722514490928,0.390643298625946,206.89463806152344,0,,0.0,8.038997650146484,12.360851287841797,0.390643298625946,8.61811637878418,12.189722061157228,20,0.958722514490928,,0.0,0.0,0,5.0,8.0,4.0,1,100000,2.0,5000,0.45
2023-01-11,Madera,632.6111111111111,6039,125.8843002319336,,4.826458333333333,59.45,5.141847610473633,14.785724639892578,1.3418197631835938,0.1742839813232422,-0.058209819178427,0.4218856692314148,125.8843002319336,0,,1.3418197631835938,21.152496337890625,14.785724639892578,0.4218856692314148,23.42400550842285,35.37774085998535,20,-0.058209819178427,71.875,-0.2425033867375563,0.1298862828713575,1,4.0,6.0,7.0,0,100000,2.0,5000,0.45
2023-01-11,Marin,523.2857142857142,6041,627.7824096679688,AR2,15.536919642857145,492.4671130952381,15.339357376098633,36.299259185791016,3.654003143310547,0.0958442687988281,0.89532470703125,0.2001258730888366,627.7824096679688,12,AR2,3.654003143310547,13.298988342285156,36.299259185791016,0.2001258730888366,20.75176239013672,30.196666717529297,20,0.89532470703125,75.0,-0.5275969478657364,0.0262299360563747,0,7.0,10.0,8.0,0,30000,2.0,3000,0.35
2023-01-11,Orange,7369.098484848485,6059,337.833984375,AR1,6.979114583333333,84.75363425925926,5.007355213165283,21.57755279541016,0.1058578491210937,0.0028610229492187,-1.071739935105846,0.4112350344657898,337.833984375,12,AR1,0.1058578491210937,9.62543487548828,21.57755279541016,0.4112350344657898,11.731672286987305,17.085814476013184,20,-1.071739935105846,78.125,-0.7998061827513184,0.0270270270270265,0,5.0,8.0,4.0,1,240000,5.0,8000,0.15
2023-01-11,Plumas,1486.0,6063,167.40928649902344,,6.643958333333334,1249.125,6.682635307312012,27.104516983032227,2.90060043334961,0.0007152557373046,2.846953361265121,0.4844314455986023,167.40928649902344,0,,2.90060043334961,12.74871826171875,27.104516983032227,0.4844314455986023,16.963577270507812,22.794318199157715,20,2.846953361265121,87.5,-0.3167291419015215,0.0002465888541837,0,3.0,4.0,7.0,0,30000,2.0,3000,0.35
2023-01-11,San Bernardino,1780.178571428571,6071,324.5002746582031,AR1,19.787285309845863,205.97984536082475,8.174179077148438,22.44264411926269,0.4467964172363281,0.0066757202148437,-0.4523787959929439,0.0920440554618835,324.5002746582031,12,AR1,0.4467964172363281,0.4467964172363281,22.44264411926269,0.0920440554618835,0.5588054656982422,1.0807514190673826,20,-0.4523787959929439,90.625,-0.1802580832611881,0.014941302027748,0,4.0,5.0,0.0,999,240000,5.0,8000,0.15
2023-01-11,San Diego,2492.333333333333,6073,518.9201049804688,AR2,3.5011684782608694,84.18047619047618,12.408830642700195,29.28034782409668,2.773284912109375,0.1266002655029297,-1.212018412928428,0.3895217776298523,518.9201049804688,12,AR2,2.773284912109375,4.281997680664063,29.28034782409668,0.3895217776298523,4.967737197875977,10.72995662689209,20,-1.212018412928428,84.375,-0.7791789344443368,0.045649931224209,0,4.0,7.0,5.0,0,240000,5.0,8000,0.15
2023-01-11,San Francisco,580.8846153846154,6075,650.980712890625,AR2,,,15.718667984008787,35.02783966064453,2.2177696228027344,0.0331401824951171,0.932308073966734,0.2138091921806335,650.980712890625,12,AR2,2.2177696228027344,10.41889190673828,35.02783966064453,0.2138091921806335,15.112066268920898,22.63269424438477,80,0.932308073966734,,0.0,0.0149430230058051,0,7.0,10.0,7.0,0,100000,2.0,5000,0.45
2023-01-11,Santa Barbara,1414.1809523809525,6083,274.7741394042969,AR1,5.773143018654608,822.0040630740967,9.667520523071287,16.640424728393555,0.1215934753417968,0.0119209289550781,0.107805805821572,0.1086189150810241,274.7741394042969,12,AR1,0.1215934753417968,18.690109252929688,16.640424728393555,0.1086189150810241,22.70159721374512,28.56767177581787,20,0.107805805821572,93.75,-0.0323949010794551,0.0980392156862743,0,6.0,9.0,4.0,1,240000,5.0,8000,0.15
2023-01-11,Solano,692.45,6095,434.0373229980469,AR1,7.423779264214047,39513.26423611111,10.16273593902588,22.779067993164062,2.673625946044922,0.0813007354736328,0.4222904328377019,0.429461658000946,434.0373229980469,12,AR1,2.673625946044922,16.402244567871094,22.779067993164062,0.429461658000946,20.035314559936523,27.17294692993164,80,0.4222904328377019,78.125,-0.2277750201852825,0.0304084180488674,0,7.0,9.0,6.0,0,30000,2.0,3000,0.35
2023-01-11,Tehama,586.3424657534247,6103,461.9083251953125,AR1,6.840885416666667,8090.184895833333,13.28818130493164,28.43710327148437,3.1561851501464844,0.421762466430664,0.46089615360383,0.4241363406181335,461.9083251953125,12,AR1,3.1561851501464844,11.15703582763672,28.43710327148437,0.4241363406181335,17.42076873779297,23.14424514770508,20,0.46089615360383,81.25,-0.2988063971665073,0.1336304577730775,0,7.0,9.0,7.0,0,8000,0.5,4000,0.15
2023-01-11,Ventura,2698.4444444444443,6111,298.01416015625,AR1,11.36354688950789,1247.079409048938,6.879001140594482,16.690670013427734,0.0,0.0,-0.1197332566784279,0.2787277102470398,298.01416015625,12,AR1,0.0,16.66879653930664,16.690670013427734,0.2787277102470398,17.19350814819336,24.379801750183105,20,-0.1197332566784279,90.625,-0.313237542657456,0.0,0,5.0,8.0,3.0,1,240000,5.0,8000,0.15
2023-02-25,Contra Costa,397.5,6013,103.81195068359376,,7.35203125,426.857068452381,6.047943115234375,10.398296356201172,1.338958740234375,0.0274181365966796,-2.4889899662562787,0.401229940354824,103.81195068359376,0,,1.338958740234375,4.921436309814453,10.398296356201172,0.401229940354824,4.556465148925781,4.749846458435059,80,-2.4889899662562787,75.86206896551724,-0.5847207670133254,0.0204772079772079,0,2.0,2.0,2.0,0,100000,2.0,5000,0.45
2023-02-25,Inyo,2366.5714285714284,6027,268.8233337402344,AR1,6.718854166666667,0.4442361111111111,5.633973121643066,28.345094680786133,8.990764617919922,0.2667903900146484,-3.592802047729492,0.1283455723896622,268.8233337402344,12,AR1,8.990764617919922,10.408878326416016,28.345094680786133,0.1283455723896622,10.262155532836914,10.36081314086914,20,-3.592802047729492,41.37931034482759,-0.7556998281458848,0.0296738265712012,0,1.0,1.0,2.0,0,100000,2.0,5000,0.45
2023-02-25,Kings,292.75,6031,301.4944152832031,AR1,,,6.497777462005615,16.494428634643555,9.6588134765625,0.0844001770019531,-4.938069207327706,0.4245682582259178,301.4944152832031,12,AR1,9.6588134765625,11.899948120117188,16.494428634643555,0.4245682582259178,11.711645126342772,11.85925006866455,20,-4.938069207327706,,0.0,0.0087381516587677,0,2.0,2.0,2.0,0,100000,2.0,5000,0.45
2023-02-25,Mariposa,2214.3846153846152,6043,260.2900390625,AR1,2.6402604166666666,245.53125,6.610315799713135,16.715070724487305,7.0343017578125,0.2951622009277344,-3.886241640363421,0.4346505030989647,260.2900390625,12,AR1,7.0343017578125,11.10219955444336,16.715070724487305,0.4346505030989647,11.349773406982422,12.23444938659668,20,-3.886241640363421,31.03448275862069,-0.1543884195232201,0.0419604121475054,0,2.0,2.0,4.0,0,100000,2.0,5000,0.45
2023-02-25,Merced,363.0,6047,241.73524475097656,,45.36623693379792,238.609756097561,5.9972825050354,9.740740776062012,2.2020339965820312,0.0145435333251953,-2.7176102229527057,0.3771363124251365,241.73524475097656,0,,2.2020339965820312,3.8499832153320312,9.740740776062012,0.3771363124251365,3.730535507202149,3.883242607116699,20,-2.7176102229527057,41.37931034482759,-0.7260230547163709,0.0066045907319185,0,1.0,1.0,2.0,0,100000,2.0,5000,0.45
2023-02-25,Mono,723.75,6051,82.74732971191406,,2.3879166666666665,42.389205298013245,3.788121938705444,11.618468284606934,7.181644439697266,0.0,0.8476973942347934,0.3273278102278709,82.74732971191406,0,,7.181644439697266,10.733604431152344,11.618468284606934,0.3273278102278709,10.630130767822266,11.070919036865234,20,0.8476973942347934,34.48275862068966,-0.1057417212235898,0.0,1,0.0,0.0,2.0,0,100000,2.0,5000,0.45
2023-02-25,Monterey,575.046052631579,6053,162.25083923339844,,5.34668815471394,446.415471394037,2.852562427520752,17.073341369628906,0.7252693176269531,0.141143798828125,-4.341598783220563,0.3992730006575584,162.25083923339844,0,,0.7252693176269531,5.201816558837891,17.073341369628906,0.3992730006575584,4.802799224853516,5.599641799926758,20,-4.341598783220563,86.20689655172413,-0.5111309235730498,0.1946088099934254,0,3.0,4.0,1.0,1,100000,2.0,5000,0.45
2023-02-25,Orange,1952.5303571428572,6059,768.0855712890625,AR3,7.573920750782065,355.8452954808806,18.10491943359375,37.95000457763672,9.220123291015623,0.1914501190185547,-1.8732324327741343,0.4000855311751365,768.0855712890625,12,AR3,9.220123291015623,10.8799934387207,37.95000457763672,0.4000855311751365,10.86306571960449,11.295938491821287,20,-1.8732324327741343,100.0,0.7352026196089236,0.0207643773272652,1,3.0,3.0,1.0,0,240000,5.0,8000,0.15
2023-02-25,Placer,217.57142857142856,6061,153.1208038330078,,4.89202380952381,358.6038974358974,4.23996639251709,12.016971588134766,2.1882057189941406,0.0145435333251953,-3.077892030988421,0.4308586940169334,153.1208038330078,0,,2.1882057189941406,9.670734405517578,12.016971588134766,0.4308586940169334,9.760761260986328,10.518574714660645,20,-3.077892030988421,79.3103448275862,-0.4810490973877127,0.0066463281760732,0,0.0,0.0,4.0,0,30000,2.0,3000,0.35
2023-02-25,Riverside,4954.916666666667,6065,453.2716674804687,AR1,7.439986293859649,364.3005041518387,10.24148654937744,26.532529830932617,1.286029815673828,0.0734329223632812,-0.5125669751848498,0.019474109634757,453.2716674804687,12,AR1,1.286029815673828,1.4410018920898433,26.532529830932617,0.019474109634757,1.4251232147216797,1.5721797943115232,20,-0.5125669751848498,96.55172413793105,0.0553626266461331,0.0571004820170559,1,2.0,2.0,1.0,0,240000,5.0,8000,0.15
2023-02-25,San Bernardino,1604.9530564263323,6071,481.0259094238281,AR1,19.42383389518848,198.06058106169297,16.777006149291992,37.52310180664063,1.0247230529785156,0.0104904174804687,-0.009410585675921,0.020420154556632,481.0259094238281,12,AR1,1.0247230529785156,1.818180084228516,37.52310180664063,0.020420154556632,1.7391204833984375,1.787614822387695,20,-0.009410585675921,100.0,2.1649895405737847,0.0102373196835737,0,3.0,4.0,1.0,0,240000,5.0,8000,0.15
2023-02-25,San Joaquin,1169.9666666666667,6077,160.54080200195312,,9.80689393939394,4.522528409090908,3.413816213607788,8.782896041870117,2.964496612548828,0.0410079956054687,-1.7479010990687789,0.4073296412825584,160.54080200195312,0,,2.964496612548828,5.731105804443359,8.782896041870117,0.4073296412825584,5.435514450073242,5.826973915100098,80,-1.7479010990687789,41.37931034482759,-0.9966974583804166,0.0138330384429789,0,2.0,2.0,2.0,0,100000,2.0,5000,0.45
2023-02-25,San Luis Obispo,1348.7235294117647,6079,303.4407958984375,AR1,9.50970274390244,1019.2683865683864,3.852191209793091,16.000717163085938,3.65591049194336,0.1659393310546875,-3.796537399291992,0.453292928636074,303.4407958984375,12,AR1,3.65591049194336,8.625030517578125,16.000717163085938,0.453292928636074,8.20155143737793,8.638596534729004,20,-3.796537399291992,100.0,0.5025518898185007,0.0453893308986565,1,3.0,3.0,2.0,0,240000,5.0,8000,0.15
2023-02-25,Santa Barbara,2208.4303482587065,6083,671.7490234375,AR2,6.66709730171709,2067.1125436484044,21.221519470214844,30.5958309173584,9.24968719482422,0.4248619079589844,-3.2785233088902057,0.1149597968906164,671.7490234375,12,AR2,9.24968719482422,15.799522399902346,30.5958309173584,0.1149597968906164,15.195560455322267,15.558767318725588,20,-3.2785233088902057,100.0,1.1981007966661252,0.0459325703680791,1,3.0,4.0,2.0,0,240000,5.0,8000,0.15
2023-02-25,Tulare,524.1008645533141,6107,233.19989013671875,,5.365679347826087,47.97557065217391,4.67756462097168,31.7929744720459,6.228446960449219,0.3049373626708984,-1.1693575722830638,0.3883972987532615,233.19989013671875,0,,6.228446960449219,10.701179504394531,31.7929744720459,0.3883972987532615,12.583351135253906,14.311599731445312,20,-1.1693575722830638,86.20689655172413,-0.1920598912839472,0.0489588118205481,0,0.0,0.0,4.0,0,100000,2.0,5000,0.45
2023-02-25,Tuolumne,391.4326923076923,6109,151.76199340820312,,6.767232375979112,370.24984334203657,5.293951988220215,14.71618938446045,6.540775299072266,0.0011920928955078,-1.7128843579973494,0.4589768275618553,151.76199340820312,0,,6.540775299072266,14.687061309814451,14.71618938446045,0.4589768275618553,15.070915222167969,16.417789459228516,20,-1.7128843579973494,100.0,0.0209370671514021,0.0001822555952467,0,0.0,0.0,4.0,0,30000,2.0,3000,0.35
2023-02-25,Ventura,7875.911538461538,6111,729.3472290039062,AR2,12.28014880952381,2859.5708333333337,18.92230033874512,40.636112213134766,11.053085327148438,2.0275115966796875,-2.244186673845564,0.2984009608626365,729.3472290039062,12,AR2,11.053085327148438,16.291141510009766,40.636112213134766,0.2984009608626365,15.84458351135254,16.16368293762207,20,-2.244186673845564,100.0,2.914791641966079,0.1834339948231234,1,3.0,3.0,2.0,0,240000,5.0,8000,0.15
2023-02-25,Yolo,485.4117647058824,6113,151.3235321044922,,18.359489583333332,84.50378906249999,7.257724761962891,16.031301498413086,0.8521080017089844,0.0150203704833984,-3.71581404549735,0.3642540797591209,151.3235321044922,0,,0.8521080017089844,4.0340423583984375,16.031301498413086,0.3642540797591209,3.6660671234130855,3.8500547409057617,80,-3.71581404549735,34.48275862068966,-0.6609504211437418,0.0176273083379965,0,2.0,2.0,1.0,1,30000,2.0,3000,0.35
2023-02-25,Yuba,1035.0,6115,172.96749877929688,,35.44979166666666,1745.4166666666667,5.429528713226318,14.094589233398438,0.8254051208496094,0.0109672546386718,-3.4594489506312778,0.4045945033431053,172.96749877929688,0,,0.8254051208496094,5.3462982177734375,14.094589233398438,0.4045945033431053,4.8511505126953125,5.112266540527344,20,-3.4594489506312778,17.24137931034483,-0.3769428703166599,0.0132871172732523,0,1.0,1.0,1.0,1,30000,2.0,3000,0.35
2023-02-26,Alameda,2334.4705882352937,6001,232.289794921875,,4.0348131127450975,36.133942550505054,8.95663070678711,22.887718200683597,0.1435279846191406,0.003814697265625,-0.5354638780866345,0.3801998049020767,232.289794921875,0,,0.1435279846191406,5.457878112792969,22.887718200683597,0.3801998049020767,4.621458053588867,5.157208442687988,80,-0.5354638780866345,55.172413793103445,-0.8422431162685673,0.026578073089701,0,3.0,3.0,2.0,1,100000,2.0,5000,0.45
2023-02-26,Contra Costa,229.16666666666663,6013,234.9359436035156,,7.259921875,-116.61355654761904,8.077784538269043,20.97184944152832,0.1196861267089843,0.0014305114746093,-0.7500983646937787,0.3841518312692642,234.9359436035156,0,,0.1196861267089843,4.973888397216797,20.97184944152832,0.3841518312692642,4.18400764465332,4.622220993041992,80,-0.7500983646937787,58.620689655172406,-1.1134505948197642,0.0119521912350591,0,2.0,2.0,2.0,1,100000,2.0,5000,0.45
2023-02-26,Kings,242.0,6031,127.41787719726562,,,,7.244274139404297,15.565654754638672,0.0433921813964843,0.0004768371582031,-3.1689041682652057,0.3894695192575454,127.41787719726562,0,,0.0433921813964843,11.870861053466797,15.565654754638672,0.3894695192575454,10.55889129638672,11.281871795654297,20,-3.1689041682652057,,0.0,0.0109890109890104,0,2.0,2.0,2.0,1,100000,2.0,5000,0.45
2023-02-26,Marin,528.8076923076923,6041,251.2803649902344,AR1,12.540104166666667,28.14400297619048,11.891464233398438,24.17879867553711,0.3924369812011719,0.0019073486328125,-1.0396142687116343,0.1788104921579361,251.2803649902344,12,AR1,0.3924369812011719,3.2906532287597656,24.17879867553711,0.1788104921579361,2.860879898071289,3.150629997253418,20,-1.0396142687116343,44.82758620689656,-0.7525547215055575,0.0048602673147023,0,5.0,6.0,1.0,2,30000,2.0,3000,0.35
2023-02-26,Orange,1635.1052631578948,6059,206.69334411621097,,7.083375,130.08663194444446,7.376746654510498,18.97795295715332,2.158164978027344,0.0386238098144531,-3.9126611437116345,0.4169124513864517,206.69334411621097,0,,2.158164978027344,12.331962585449215,18.97795295715332,0.4169124513864517,11.89131736755371,12.84658908843994,20,-3.9126611437116345,89.65517241379311,-0.3656606750384027,0.0178965974370304,0,3.0,3.0,2.0,0,240000,5.0,8000,0.15
2023-02-26,Riverside,6376.176470588235,6065,243.38218688964844,,7.665564692982456,384.9107058125741,5.681399822235107,16.20730209350586,0.0066757202148437,0.0,-4.46312849862235,0.0968135762959718,243.38218688964844,0,,0.0066757202148437,1.347064971923828,16.20730209350586,0.0968135762959718,1.2863159179687498,1.489615440368652,20,-4.46312849862235,100.0,0.1150694794022699,0.0,1,2.0,2.0,1.0,1,240000,5.0,8000,0.15
2023-02-26,Sacramento,2798.125,6067,252.47982788085932,AR1,12.990817091454272,4118.418586429725,12.77486801147461,24.766447067260746,0.6561279296875,0.00762939453125,-1.3282756805419922,0.3864864259958267,252.47982788085932,12,AR1,0.6561279296875,5.766868591308594,24.766447067260746,0.3864864259958267,5.163764953613281,5.565929412841797,80,-1.3282756805419922,20.689655172413797,-0.3661678129017421,0.0116279069767441,0,2.0,2.0,2.0,1,30000,2.0,3000,0.35
2023-02-26,San Diego,1507.4621513944223,6073,266.7797546386719,AR1,4.381879528985508,217.551691468254,7.197280883789063,22.746335983276367,1.41143798828125,0.0467300415039062,-4.446230479649135,0.4027065187692642,266.7797546386719,12,AR1,1.41143798828125,6.386280059814453,22.746335983276367,0.4027065187692642,7.656764984130859,9.227609634399414,20,-4.446230479649135,100.0,1.5435524221191734,0.033108108108108,1,3.0,5.0,5.0,0,240000,5.0,8000,0.15
2023-02-26,San Francisco,1629.25,6075,240.39584350585932,,,,12.309480667114258,22.69329071044922,0.1835823059082031,0.0014305114746093,-0.8959898267473498,0.1809429079294204,240.39584350585932,0,,0.1835823059082031,3.6072731018066406,22.69329071044922,0.1809429079294204,3.042888641357422,3.4000158309936523,80,-0.8959898267473498,,0.0,0.0077922077922073,0,4.0,4.0,1.0,2,100000,2.0,5000,0.45
2023-02-26,San Joaquin,1049.25,6077,208.1318817138672,,9.778929924242425,-77.63106060606061,9.828690528869627,20.157005310058597,0.55694580078125,0.0061988830566406,-1.2150641850062789,0.3891300112009048,208.1318817138672,0,,0.55694580078125,6.098747253417969,20.157005310058597,0.3891300112009048,5.419349670410156,5.997896194458008,80,-1.2150641850062789,37.93103448275862,-1.0566894854897,0.0111301369863013,0,2.0,2.0,2.0,1,100000,2.0,5000,0.45
2023-02-26,San Mateo,2680.0526315789475,6081,225.6030731201172,,3.2330324074074075,35.144050925925924,8.661270141601562,21.86752319335937,0.0948905944824218,0.0042915344238281,-0.7711118970598498,0.3908199220895767,225.6030731201172,0,,0.0948905944824218,4.942417144775391,21.86752319335937,0.3908199220895767,4.241847991943359,4.805231094360352,80,-0.7711118970598498,34.48275862068966,-0.5739946023672204,0.0452261306532661,0,3.0,3.0,1.0,2,100000,2.0,5000,0.45
2023-02-26,Siskiyou,619.5428571428571,6093,202.38406372070312,,8.378072916666666,615.6175595238095,5.916462421417236,27.70251083374023,0.9217262268066406,0.0252723693847656,0.1409451620919362,0.3121265321969986,202.38406372070312,0,,0.9217262268066406,2.904891967773437,27.70251083374023,0.3121265321969986,3.0740737915039062,3.8389205932617183,20,0.1409451620919362,3.4482758620689653,-0.207215670222262,0.0274185204345576,0,1.0,1.0,1.0,2,8000,0.5,4000,0.15
2023-02-26,Tehama,567.6666666666666,6103,342.2488708496094,AR1,1.9574479166666665,1764.4890625,13.41037368774414,31.086410522460938,1.0700225830078125,0.0467300415039062,-1.6920452117919922,0.4085887819528579,342.2488708496094,12,AR1,1.0700225830078125,6.094455718994141,31.086410522460938,0.4085887819528579,5.190038681030273,5.662941932678223,20,-1.6920452117919922,86.20689655172413,-0.459956090968362,0.0436720142602495,0,3.0,3.0,2.0,0,8000,0.5,4000,0.15
2023-02-26,Ventura,2505.539772727273,6111,155.98089599609375,,10.067611607142858,867.4118303571429,5.631874084472656,15.112264633178713,1.1463165283203125,0.0791549682617187,-4.119064603533063,0.2858699709177017,155.98089599609375,0,,1.1463165283203125,17.33875274658203,15.112264633178713,0.2858699709177017,15.349340438842772,16.485071182250977,20,-4.119064603533063,96.55172413793105,0.1874986777880624,0.0690515806988352,0,3.0,3.0,3.0,0,240000,5.0,8000,0.15
2023-02-26,Yolo,3506.0,6113,260.98992919921875,AR1,18.4596875,112.90390625,11.452972412109377,25.107240676879883,0.2217292785644531,0.0023841857910156,-1.7459654126848498,0.3328021913766861,260.98992919921875,12,AR1,0.2217292785644531,3.757953643798828,25.107240676879883,0.3328021913766861,3.484392166137695,3.870081901550293,80,-1.7459654126848498,48.27586206896552,-0.5470023026189204,0.0107526881720428,0,3.0,3.0,1.0,2,30000,2.0,3000,0.35
2023-02-26,Yuba,987.8205128205128,6115,271.9996032714844,AR1,35.389895833333334,1693.6458333333333,12.947896003723145,30.01378631591797,1.2974739074707031,0.0133514404296875,-2.4329596928187778,0.3966869264841079,271.9996032714844,12,AR1,1.2974739074707031,6.106376647949219,30.01378631591797,0.3966869264841079,5.612468719482422,6.141066551208496,20,-2.4329596928187778,13.79310344827586,-0.3954233784004878,0.0102903344358691,0,2.0,2.0,2.0,0,30000,2.0,3000,0.35
2023-02-27,Alameda,2343.6666666666665,6001,456.1853942871094,AR1,4.616826715912588,128.5327783063749,17.414037704467773,47.42586135864258,2.311229705810547,0.0886917114257812,-1.3993554796491343,0.407652884721756,456.1853942871094,12,AR1,2.311229705810547,3.707408905029297,47.42586135864258,0.407652884721756,6.372404098510742,7.183289527893066,80,-1.3993554796491343,86.20689655172413,-0.4388397962769942,0.0383742521147101,0,4.0,4.0,3.0,0,100000,2.0,5000,0.45
2023-02-27,Amador,265.25,6005,284.2314453125,AR1,,,14.81650733947754,33.5363655090332,3.064155578613281,0.0252723693847656,-2.7969559260777066,0.4399824440479278,284.2314453125,12,AR1,3.064155578613281,6.840705871582031,33.5363655090332,0.4399824440479278,11.492347717285156,13.321638107299805,20,-2.7969559260777066,,0.0,0.0082477435418611,0,2.0,2.0,6.0,0,30000,2.0,3000,0.35
2023-02-27,Contra Costa,2049.6666666666665,6013,431.62738037109375,AR1,7.576987788331072,-668.618769470405,16.438339233398438,42.25279998779297,3.47900390625,0.072479248046875,-1.5060798100062789,0.4124632179737091,431.62738037109375,12,AR1,3.47900390625,4.937648773193359,42.25279998779297,0.4124632179737091,7.158899307250977,7.848095893859863,80,-1.5060798100062789,44.82758620689656,-1.6504835230979416,0.0208333333333333,0,3.0,3.0,3.0,0,100000,2.0,5000,0.45
2023-02-27,Marin,2029.179705882353,6041,316.2069091796875,AR1,12.19395173453997,69.82467571644042,16.74208641052246,34.978179931640625,3.8022994995117183,0.0677108764648437,-0.9992089952741344,0.194815669208765,316.2069091796875,12,AR1,3.8022994995117183,4.646778106689453,34.978179931640625,0.194815669208765,6.319141387939453,6.780910491943359,20,-0.9992089952741344,86.20689655172413,-0.3860935012316634,0.0178078755956859,0,5.0,7.0,2.0,0,30000,2.0,3000,0.35
2023-02-27,Nevada,707.5,6057,209.55274963378903,,2.9490833333333333,147.66463541666664,14.370088577270508,37.60621643066406,5.443096160888672,0.003814697265625,-3.725771495274135,0.4569921791553497,209.55274963378903,0,,5.443096160888672,9.17673110961914,37.60621643066406,0.4569921791553497,14.96872901916504,17.00754165649414,20,-3.725771495274135,93.10344827586206,-0.0184919924566062,0.0007008322382829,0,0.0,0.0,6.0,0,30000,2.0,3000,0.35
2023-02-27,Orange,2158.333333333333,6059,132.66770935058594,,6.75459375,112.3082175925926,7.781172275543213,15.42801570892334,0.0543594360351562,0.0009536743164062,-2.5382714952741345,0.3867979347705841,132.66770935058594,0,,0.0543594360351562,11.432647705078123,15.42801570892334,0.3867979347705841,10.489368438720703,12.13855743408203,20,-2.5382714952741345,86.20689655172413,-0.4523532674306598,0.0175438596491219,0,3.0,3.0,2.0,1,240000,5.0,8000,0.15
2023-02-27,Placer,3150.8838838838838,6061,245.5746154785156,,4.726539115646259,412.7783856502242,13.329254150390623,36.69525146484375,4.502296447753906,0.0257492065429687,-3.365001405988421,0.4384832680225372,245.5746154785156,0,,4.502296447753906,8.409500122070312,36.69525146484375,0.4384832680225372,13.578081130981444,15.526151657104492,20,-3.365001405988421,86.20689655172413,-0.4026508988226535,0.0057191273035373,0,0.0,0.0,6.0,0,30000,2.0,3000,0.35
2023-02-27,Riverside,1077.638888888889,6065,113.19683837890624,,7.394739583333333,300.25936239620404,6.879725456237793,16.566177368164062,0.0,0.0,-4.50328963143485,0.0786047335714101,113.19683837890624,0,,0.0,1.292705535888672,16.566177368164062,0.0786047335714101,1.140165328979492,1.302051544189453,20,-4.50328963143485,86.20689655172413,-0.1301617599697969,0.0,0,2.0,2.0,1.0,2,240000,5.0,8000,0.15
2023-02-27,San Francisco,1035.7222222222222,6075,385.9692687988281,AR1,,,19.17679786682129,40.607818603515625,3.685951232910156,0.0376701354980468,-1.1837095533098498,0.2025556899607181,385.9692687988281,12,AR1,3.685951232910156,4.075527191162109,40.607818603515625,0.2025556899607181,6.353855133056641,6.898069381713867,80,-1.1837095533098498,,0.0,0.0102199223803363,0,4.0,5.0,2.0,0,100000,2.0,5000,0.45
2023-02-27,San Mateo,1179.0925925925926,6081,448.1477966308594,AR1,3.4727662037037037,56.18554398148148,16.743324279785156,40.66461563110352,3.032684326171875,0.1263618469238281,-1.7409605298723498,0.4240255653858185,448.1477966308594,12,AR1,3.032684326171875,3.4208297729492188,40.66461563110352,0.4240255653858185,6.74595832824707,7.568883895874023,80,-1.7409605298723498,82.75862068965517,-0.3189360823686995,0.0416666666666666,0,4.0,4.0,2.0,0,100000,2.0,5000,0.45
2023-02-27,Santa Barbara,466.5909090909091,6083,238.76266479492188,,5.253168316831683,519.3724260896068,12.434419631958008,19.32191467285156,0.7600784301757812,0.0205039978027343,-1.5534256526402055,0.1064367648214101,238.76266479492188,0,,0.7600784301757812,10.316848754882814,19.32191467285156,0.1064367648214101,13.048744201660158,15.017032623291016,20,-1.5534256526402055,93.10344827586206,-0.4477161163469948,0.0269761606022583,0,3.0,4.0,2.0,2,240000,5.0,8000,0.15
2023-02-27,Shasta,272.75,6089,353.9209289550781,AR1,5.223385416666667,1391.594921875,16.616792678833008,36.22993850708008,3.4766197204589844,0.0314712524414062,-3.7988741738455634,0.4255705177783966,353.9209289550781,12,AR1,3.4766197204589844,4.959583282470703,36.22993850708008,0.4255705177783966,8.461141586303711,9.398770332336426,20,-3.7988741738455634,96.55172413793105,0.0059407215562145,0.0090522562062817,1,4.0,4.0,3.0,0,8000,0.5,4000,0.15
2023-02-27,Sonoma,8314.79861111111,6097,268.8952331542969,AR1,28.42746507806081,453.2655699721965,7.044708728790283,18.679101943969727,4.271984100341797,0.5002021789550781,-3.2577887943812778,0.4099302589893341,268.8952331542969,12,AR1,4.271984100341797,6.011009216308594,18.679101943969727,0.4099302589893341,7.28912353515625,7.780885696411133,80,-3.2577887943812778,86.20689655172413,-0.3501611783443847,0.1170889608215202,0,5.0,5.0,3.0,0,30000,2.0,3000,0.35
2023-02-27,Tehama,226.6,6103,393.4137573242187,AR1,3.1355643044619423,3280.6881889763777,16.917814254760742,29.650014877319336,4.359245300292969,0.0624656677246093,-3.117948532104492,0.4228887856006622,393.4137573242187,12,AR1,4.359245300292969,6.200313568115234,29.650014877319336,0.4228887856006622,8.936500549316406,9.71536636352539,20,-3.117948532104492,96.55172413793105,0.0040955829890433,0.0143294683876613,1,4.0,4.0,3.0,0,8000,0.5,4000,0.15
2023-02-27,Tuolumne,622.1666666666667,6109,148.2537384033203,,6.743815104166667,345.5934375,10.858131408691406,31.349609375,5.469799041748047,0.0133514404296875,-2.3393492017473494,0.4599447548389435,148.2537384033203,0,,5.469799041748047,14.258384704589844,31.349609375,0.4599447548389435,19.19593811035156,22.102952003479004,20,-2.3393492017473494,75.86206896551724,-0.0470511821875963,0.0024409380176096,0,0.0,0.0,6.0,0,30000,2.0,3000,0.35
2023-02-27,Ventura,6970.0,6111,224.7579040527344,,9.69468913857678,525.014456928839,10.076398849487305,20.43723487854004,1.5926361083984375,0.118255615234375,-1.8677218300955631,0.2737684547901153,224.7579040527344,0,,1.5926361083984375,13.792037963867188,20.43723487854004,0.2737684547901153,15.185785293579102,17.195963859558105,20,-1.8677218300955631,93.10344827586206,-0.2812480166820911,0.074251497005988,0,3.0,3.0,4.0,0,240000,5.0,8000,0.15
2023-02-28,Contra Costa,631.1176470588235,6013,392.5715637207031,AR1,7.723004115226337,-722.5708661417323,15.269926071166992,31.704479217529297,1.8067359924316408,0.0667572021484375,-1.5305549076625289,0.4227052927017212,392.5715637207031,12,AR1,1.8067359924316408,5.405426025390625,31.704479217529297,0.4227052927017212,8.113622665405273,9.227752685546877,80,-1.5305549076625289,41.37931034482759,-1.702972252884997,0.0369490630773291,0,3.0,4.0,4.0,0,100000,2.0,5000,0.45
2023-02-28,Kern,2207.522222222222,6029,248.7032012939453,,3.920416666666666,74.96979166666667,3.576711654663086,25.70128059387207,0.7605552673339844,0.1077651977539062,-1.0879802703857422,0.3924280405044555,248.7032012939453,0,,0.7605552673339844,2.0956993103027344,25.70128059387207,0.3924280405044555,10.545444488525389,13.117480278015137,20,-1.0879802703857422,96.55172413793105,0.0210187631048072,0.1416927899686519,1,3.0,3.0,4.0,2,240000,5.0,8000,0.15
2023-02-28,Monterey,925.4009216589861,6053,275.77166748046875,AR1,6.570185022026432,1054.4176929748485,7.229711532592773,37.05231094360352,2.24161148071289,0.4944801330566406,-1.9832613808768136,0.4168039560317993,275.77166748046875,12,AR1,2.24161148071289,3.254413604736328,37.05231094360352,0.4168039560317993,6.322145462036132,7.543611526489258,20,-1.9832613808768136,96.55172413793105,0.1546916197217961,0.2205913635396724,1,4.0,6.0,2.0,0,100000,2.0,5000,0.45
2023-02-28,Orange,660.9428571428572,6059,284.21319580078125,AR1,6.8927708333333335,194.2289467592593,7.712841033935547,18.92692756652832,1.3108253479003906,0.0276565551757812,-1.4382348741803843,0.400560975074768,284.21319580078125,12,AR1,1.3108253479003906,3.523349761962891,18.92692756652832,0.400560975074768,10.48588752746582,12.694382667541502,20,-1.4382348741803843,93.10344827586206,-0.0528845498291626,0.0210985813022917,0,4.0,4.0,3.0,0,240000,5.0,8000,0.15
2023-02-28,Plumas,205.0,6063,168.8571014404297,,4.107336956521739,134.57365591397848,10.131820678710938,38.927242279052734,4.66156005859375,0.0,-2.546999522617885,0.4112077951431274,168.8571014404297,0,,4.66156005859375,8.759498596191406,38.927242279052734,0.4112077951431274,12.630367279052734,14.617538452148438,20,-2.546999522617885,24.13793103448276,-0.5141727004184756,0.0,0,0.0,0.0,4.0,0,30000,2.0,3000,0.35
2023-02-28,Riverside,2300.126984126984,6065,211.5270843505859,,7.358042226487524,316.52395728270545,8.719658851623535,21.887020111083984,0.0290870666503906,0.0009536743164062,-1.5360655103410998,0.0601297570392489,211.5270843505859,0,,0.0290870666503906,0.0357627868652345,21.887020111083984,0.0601297570392489,1.0231018066406246,1.2571811676025388,20,-1.5360655103410998,93.10344827586206,-0.083043939969199,0.0327868852458999,0,2.0,2.0,1.0,3,240000,5.0,8000,0.15
2023-02-28,Sacramento,234.33333333333331,6067,413.09759521484375,AR1,13.597231000752446,5031.998702351987,16.10352325439453,29.922441482543945,3.40127944946289,0.5116462707519531,-2.502775192260742,0.4206262826919555,413.09759521484375,12,AR1,3.40127944946289,7.337093353271484,29.922441482543945,0.4206262826919555,10.323143005371094,11.486101150512695,80,-2.502775192260742,51.72413793103448,-0.2255661545680092,0.1504275900743025,1,4.0,4.0,4.0,0,30000,2.0,3000,0.35
2023-02-28,San Bernardino,817.8387096774194,6071,249.6251373291016,,18.870146662675843,43.44760573226145,10.560340881347656,21.052515029907227,0.0352859497070312,0.0,-0.598827089582171,0.0832163039594888,249.6251373291016,0,,0.0352859497070312,0.5283355712890624,21.052515029907227,0.0832163039594888,1.6231060028076172,1.9896268844604488,20,-0.598827089582171,89.65517241379311,-0.3057113284811157,0.0,0,3.0,3.0,1.0,3,240000,5.0,8000,0.15
2023-02-28,San Mateo,867.8262711864406,6081,369.40045166015625,AR1,3.817071759259259,95.74791666666668,11.749855995178224,34.34999465942383,3.5376548767089844,0.225067138671875,-1.2473692212785998,0.4311434030532837,369.40045166015625,12,AR1,3.5376548767089844,6.665229797363281,34.34999465942383,0.4311434030532837,9.451770782470703,10.686039924621582,80,-1.2473692212785998,96.55172413793105,0.1606268553976871,0.0636204340207575,1,4.0,5.0,3.0,0,100000,2.0,5000,0.45
2023-02-28,Santa Barbara,2682.875,6083,266.2782287597656,AR1,5.518164451827243,499.5555882352941,10.300548553466797,20.984792709350582,0.286102294921875,0.011444091796875,-2.018818719046456,0.108778590336442,266.2782287597656,12,AR1,0.286102294921875,1.3532638549804688,20.984792709350582,0.108778590336442,11.63649559020996,14.453554153442385,20,-2.018818719046456,89.65517241379311,-0.4687887024569348,0.04,0,4.0,5.0,2.0,3,240000,5.0,8000,0.15
2023-02-28,Shasta,542.0,6089,299.5714416503906,AR1,5.186036505867015,1371.0492829204695,16.71268653869629,36.87374496459961,1.2731552124023438,0.0329017639160156,-3.773056302751814,0.421312928199768,299.5714416503906,12,AR1,1.2731552124023438,5.831718444824219,36.87374496459961,0.421312928199768,8.708810806274414,10.11960506439209,20,-3.773056302751814,93.10344827586206,-0.0089110823343218,0.0258426966292134,1,4.0,5.0,4.0,0,8000,0.5,4000,0.15
2023-02-28,Siskiyou,1160.936507936508,6093,125.84953308105467,,8.499770833333333,640.0818452380952,8.30123519897461,37.28605651855469,2.017974853515625,0.0,-3.694198880876814,0.3139559030532837,125.84953308105467,0,,2.017974853515625,4.227638244628906,37.28605651855469,0.3139559030532837,5.3707122802734375,6.350922584533691,20,-3.694198880876814,34.48275862068966,-0.1757108795394015,0.0,0,0.0,1.0,3.0,0,8000,0.5,4000,0.15
2023-02-28,Solano,970.0,6095,369.6808471679687,AR1,8.278988095238095,-246357.51328125,13.919645309448242,31.905458450317383,1.4133453369140625,0.0357627868652343,-1.9785529545375289,0.4178301095962524,369.6808471679687,12,AR1,1.4133453369140625,5.616188049316406,31.905458450317383,0.4178301095962524,7.843160629272461,8.904194831848145,80,-1.9785529545375289,13.79310344827586,0.0,0.0253036437246963,0,3.0,4.0,3.0,0,30000,2.0,3000,0.35
2023-02-28,Sonoma,1049.75,6097,320.7272033691406,AR1,29.498175182481752,812.8438542621449,8.390482902526855,33.653114318847656,1.5873908996582031,0.1149177551269531,-2.538611548287528,0.4211641550064087,320.7272033691406,12,AR1,1.5873908996582031,6.50787353515625,33.653114318847656,0.4211641550064087,8.051633834838867,8.954644203186035,80,-2.538611548287528,96.55172413793105,0.1653598407576424,0.0723941123460498,1,5.0,6.0,4.0,0,30000,2.0,3000,0.35
2023-02-28,Tehama,236.0,6103,309.4913330078125,AR1,3.0551041666666667,3247.234375,18.25225830078125,35.4166374206543,0.8630752563476562,0.0333786010742187,-3.262540817260742,0.4195619821548462,309.4913330078125,12,AR1,0.8630752563476562,6.2923431396484375,35.4166374206543,0.4195619821548462,8.75086784362793,10.052227973937988,20,-3.262540817260742,93.10344827586206,-0.006143374483565,0.0386740331491712,1,4.0,5.0,3.0,1,8000,0.5,4000,0.15
2023-02-28,Ventura,1029.59375,6111,280.55535888671875,AR1,9.68206611570248,437.0043413173653,6.838148593902588,20.110963821411133,0.0977516174316406,0.0057220458984375,-1.5128023965018134,0.2808367013931274,280.55535888671875,12,AR1,0.0977516174316406,2.83670425415039,20.110963821411133,0.2808367013931274,13.368082046508787,16.312026977539062,20,-1.5128023965018134,89.65517241379311,-0.401735070539275,0.0585365853658536,0,4.0,4.0,4.0,1,240000,5.0,8000,0.15
2023-03-01,Kings,1549.2666666666669,6031,297.0836486816406,AR1,,,9.7460298538208,30.37087059020996,0.6051063537597656,0.0042915344238281,-3.7277376728673137,0.3893505781888962,297.0836486816406,12,AR1,0.6051063537597656,0.6051063537597656,30.37087059020996,0.3893505781888962,0.6051063537597656,0.6051063537597656,20,-3.7277376728673137,,0.0,0.0070921985815602,0,1.0,1.0,0.0,999,100000,2.0,5000,0.45
2023-03-01,Napa,218.0,6055,284.3830261230469,AR1,10.81796875,792.578125,11.207560539245604,30.993322372436523,0.4887580871582031,0.0162124633789062,-3.9701141849640873,0.4051205366849899,284.3830261230469,12,AR1,0.4887580871582031,0.4887580871582031,30.993322372436523,0.4051205366849899,0.4887580871582031,0.4887580871582031,80,-3.9701141849640873,68.75,-0.6723998457744369,0.0331707317073169,0,1.0,1.0,0.0,999,30000,2.0,3000,0.35
2023-03-01,Riverside,1091.6470588235295,6065,246.3946533203125,,7.731891891891891,500.2313984509466,8.011488914489746,36.86122894287109,1.591205596923828,0.0607967376708984,-3.756388756536669,0.0711857471615076,246.3946533203125,0,,1.591205596923828,1.591205596923828,36.86122894287109,0.0711857471615076,1.591205596923828,1.591205596923828,20,-3.756388756536669,90.625,-0.1708244677453177,0.0382079712316451,0,0.0,0.0,1.0,0,240000,5.0,8000,0.15
2023-03-01,San Luis Obispo,515.1111111111111,6079,383.5939331054687,AR1,9.6685500575374,1062.536945812808,12.269087791442873,27.27315139770508,1.5797615051269531,0.0388622283935546,-3.0896800871818293,0.4500652998685837,383.5939331054687,12,AR1,1.5797615051269531,1.5797615051269531,27.27315139770508,0.4500652998685837,1.5797615051269531,1.5797615051269531,20,-3.0896800871818293,65.625,-0.5707561255180863,0.0246000603682462,0,1.0,1.0,1.0,0,240000,5.0,8000,0.15
2023-03-01,Santa Barbara,338.0,6083,333.9444580078125,AR1,5.85845769070446,662.0526417704011,18.57047271728516,34.81505584716797,2.692699432373047,0.0486373901367187,-2.6367913523027973,0.111411727964878,333.9444580078125,12,AR1,2.692699432373047,2.692699432373047,34.81505584716797,0.111411727964878,2.692699432373047,2.692699432373047,20,-2.6367913523027973,78.125,-0.2541418567147727,0.0180626881530015,0,1.0,1.0,1.0,0,240000,5.0,8000,0.15
2023-03-01,Solano,499.7058823529412,6095,329.45184326171875,AR1,8.932639821029083,-242693.1644921875,11.454261779785156,27.85409545898437,1.2454986572265625,0.1897811889648437,-3.694818066012475,0.4137684553861618,329.45184326171875,12,AR1,1.2454986572265625,1.2454986572265625,27.85409545898437,0.4137684553861618,1.2454986572265625,1.2454986572265625,80,-3.694818066012475,28.125,0.0,0.1523736600306278,0,1.0,1.0,1.0,0,30000,2.0,3000,0.35
